HP Frac,WWR,Wall R-Val,Win U-Val,Win SHGC,EUI (kWh/m2),TEDI (kWh/m2),GHGI (kgCO2/m2)
0,0.35,6,0.24,0.3,95.26,34.02,10.46
0,0.35,6,0.24,0.35,94.40,33.16,10.28
0,0.35,6,0.24,0.4,94.12,32.87,10.22
0,0.35,6,0.28,0.3,99.00,37.37,11.15
0,0.35,6,0.28,0.35,98.06,36.46,10.96
0,0.35,6,0.28,0.4,97.34,35.75,10.81
0,0.35,6,0.32,0.3,102.46,40.44,11.78
0,0.35,6,0.32,0.35,101.47,39.50,11.58
0,0.35,6,0.32,0.4,100.56,38.61,11.40
0,0.35,6,0.36,0.3,105.75,43.34,12.38
0,0.35,6,0.36,0.35,104.72,42.37,12.17
0,0.35,6,0.36,0.4,103.76,41.45,11.99
0,0.35,6,0.4,0.3,109.02,46.21,12.97
0,0.35,6,0.4,0.35,107.94,45.21,12.76
0,0.35,6,0.4,0.4,106.95,44.26,12.57
0,0.35,6,0.44,0.3,112.26,49.06,13.55
0,0.35,6,0.44,0.35,111.15,48.03,13.34
0,0.35,6,0.44,0.4,110.11,47.06,13.14
0,0.35,6,0.48,0.3,115.48,51.88,14.13
0,0.35,6,0.48,0.35,114.33,50.82,13.92
0,0.35,6,0.48,0.4,113.26,49.83,13.71
0,0.35,8,0.24,0.3,92.97,32.00,10.04
0,0.35,8,0.24,0.35,92.14,31.16,9.87
0,0.35,8,0.24,0.4,91.87,30.88,9.81
0,0.35,8,0.28,0.3,96.67,35.33,10.72
0,0.35,8,0.28,0.35,95.77,34.44,10.54
0,0.35,8,0.28,0.4,95.08,33.74,10.40
0,0.35,8,0.32,0.3,100.12,38.38,11.35
0,0.35,8,0.32,0.35,99.16,37.46,11.16
0,0.35,8,0.32,0.4,98.28,36.59,10.99
0,0.35,8,0.36,0.3,103.40,41.28,11.95
0,0.35,8,0.36,0.35,102.39,40.32,11.75
0,0.35,8,0.36,0.4,101.46,39.42,11.57
0,0.35,8,0.4,0.3,106.66,44.15,12.54
0,0.35,8,0.4,0.35,105.60,43.16,12.34
0,0.35,8,0.4,0.4,104.63,42.23,12.15
0,0.35,8,0.44,0.3,109.89,46.99,13.13
0,0.35,8,0.44,0.35,108.80,45.97,12.92
0,0.35,8,0.44,0.4,107.79,45.02,12.72
0,0.35,8,0.48,0.3,113.11,49.81,13.71
0,0.35,8,0.48,0.35,111.98,48.77,13.49
0,0.35,8,0.48,0.4,110.93,47.78,13.29
0,0.35,10,0.24,0.3,91.31,30.53,9.74
0,0.35,10,0.24,0.35,90.51,29.71,9.57
0,0.35,10,0.24,0.4,90.25,29.43,9.51
0,0.35,10,0.28,0.3,94.98,33.83,10.42
0,0.35,10,0.28,0.35,94.10,32.96,10.24
0,0.35,10,0.28,0.4,93.43,32.28,10.10
0,0.35,10,0.32,0.3,98.41,36.88,11.04
0,0.35,10,0.32,0.35,97.47,35.97,10.86
0,0.35,10,0.32,0.4,96.61,35.12,10.68
0,0.35,10,0.36,0.3,101.68,39.77,11.64
0,0.35,10,0.36,0.35,100.69,38.82,11.44
0,0.35,10,0.36,0.4,99.78,37.93,11.26
0,0.35,10,0.4,0.3,104.93,42.63,12.23
0,0.35,10,0.4,0.35,103.89,41.66,12.03
0,0.35,10,0.4,0.4,102.94,40.74,11.84
0,0.35,10,0.44,0.3,108.16,45.47,12.81
0,0.35,10,0.44,0.35,107.09,44.47,12.61
0,0.35,10,0.44,0.4,106.09,43.52,12.41
0,0.35,10,0.48,0.3,111.37,48.29,13.39
0,0.35,10,0.48,0.35,110.26,47.26,13.18
0,0.35,10,0.48,0.4,109.22,46.29,12.98
0,0.35,12,0.24,0.3,90.04,29.41,9.51
0,0.35,12,0.24,0.35,89.27,28.61,9.34
0,0.35,12,0.24,0.4,89.02,28.34,9.29
0,0.35,12,0.28,0.3,93.69,32.69,10.18
0,0.35,12,0.28,0.35,92.83,31.84,10.01
0,0.35,12,0.28,0.4,92.17,31.16,9.87
0,0.35,12,0.32,0.3,97.10,35.73,10.81
0,0.35,12,0.32,0.35,96.18,34.83,10.62
0,0.35,12,0.32,0.4,95.34,33.99,10.45
0,0.35,12,0.36,0.3,100.36,38.61,11.40
0,0.35,12,0.36,0.35,99.39,37.68,11.21
0,0.35,12,0.36,0.4,98.50,36.80,11.03
0,0.35,12,0.4,0.3,103.61,41.48,11.99
0,0.35,12,0.4,0.35,102.59,40.51,11.79
0,0.35,12,0.4,0.4,101.65,39.60,11.61
0,0.35,12,0.44,0.3,106.84,44.32,12.57
0,0.35,12,0.44,0.35,105.77,43.32,12.37
0,0.35,12,0.44,0.4,104.79,42.38,12.18
0,0.35,12,0.48,0.3,110.04,47.13,13.15
0,0.35,12,0.48,0.35,108.94,46.11,12.94
0,0.35,12,0.48,0.4,107.92,45.14,12.75
0,0.35,14,0.24,0.3,89.05,28.53,9.32
0,0.35,14,0.24,0.35,88.29,27.74,9.16
0,0.35,14,0.24,0.4,88.05,27.47,9.11
0,0.35,14,0.28,0.3,92.67,31.80,10.00
0,0.35,14,0.28,0.35,91.83,30.95,9.82
0,0.35,14,0.28,0.4,91.19,30.29,9.69
0,0.35,14,0.32,0.3,96.08,34.83,10.62
0,0.35,14,0.32,0.35,95.17,33.94,10.44
0,0.35,14,0.32,0.4,94.34,33.11,10.27
0,0.35,14,0.36,0.3,99.33,37.70,11.21
0,0.35,14,0.36,0.35,98.37,36.78,11.02
0,0.35,14,0.36,0.4,97.49,35.91,10.85
0,0.35,14,0.4,0.3,102.57,40.56,11.80
0,0.35,14,0.4,0.35,101.56,39.60,11.61
0,0.35,14,0.4,0.4,100.64,38.70,11.42
0,0.35,14,0.44,0.3,105.79,43.40,12.39
0,0.35,14,0.44,0.35,104.74,42.41,12.18
0,0.35,14,0.44,0.4,103.77,41.48,11.99
0,0.35,14,0.48,0.3,108.99,46.21,12.96
0,0.35,14,0.48,0.35,107.90,45.20,12.76
0,0.35,14,0.48,0.4,106.89,44.24,12.56
0,0.35,16,0.24,0.3,88.25,27.82,9.18
0,0.35,16,0.24,0.35,87.51,27.04,9.02
0,0.35,16,0.24,0.4,87.27,26.78,8.97
0,0.35,16,0.28,0.3,91.85,31.07,9.85
0,0.35,16,0.28,0.35,91.02,30.24,9.68
0,0.35,16,0.28,0.4,90.39,29.58,9.54
0,0.35,16,0.32,0.3,95.25,34.10,10.47
0,0.35,16,0.32,0.35,94.35,33.21,10.29
0,0.35,16,0.32,0.4,93.54,32.39,10.12
0,0.35,16,0.36,0.3,98.49,36.97,11.06
0,0.35,16,0.36,0.35,97.54,36.05,10.87
0,0.35,16,0.36,0.4,96.68,35.19,10.70
0,0.35,16,0.4,0.3,101.73,39.82,11.65
0,0.35,16,0.4,0.35,100.73,38.87,11.45
0,0.35,16,0.4,0.4,99.82,37.98,11.27
0,0.35,16,0.44,0.3,104.95,42.66,12.23
0,0.35,16,0.44,0.35,103.90,41.68,12.03
0,0.35,16,0.44,0.4,102.94,40.75,11.84
0,0.35,16,0.48,0.3,108.15,45.47,12.81
0,0.35,16,0.48,0.35,107.06,44.46,12.61
0,0.35,16,0.48,0.4,106.06,43.51,12.41
0,0.4,6,0.24,0.3,96.31,34.89,10.64
0,0.4,6,0.24,0.35,95.36,33.93,10.44
0,0.4,6,0.24,0.4,95.05,33.61,10.37
0,0.4,6,0.28,0.3,100.53,38.68,11.42
0,0.4,6,0.28,0.35,99.49,37.66,11.21
0,0.4,6,0.28,0.4,98.69,36.86,11.04
0,0.4,6,0.32,0.3,104.45,42.16,12.13
0,0.4,6,0.32,0.35,103.33,41.09,11.91
0,0.4,6,0.32,0.4,102.32,40.09,11.71
0,0.4,6,0.36,0.3,108.18,45.44,12.81
0,0.4,6,0.36,0.35,107.00,44.33,12.58
0,0.4,6,0.36,0.4,105.93,43.30,12.37
0,0.4,6,0.4,0.3,111.87,48.68,13.48
0,0.4,6,0.4,0.35,110.65,47.54,13.24
0,0.4,6,0.4,0.4,109.53,46.48,13.02
0,0.4,6,0.44,0.3,115.54,51.90,14.14
0,0.4,6,0.44,0.35,114.27,50.73,13.90
0,0.4,6,0.44,0.4,113.10,49.63,13.67
0,0.4,6,0.48,0.3,119.17,55.08,14.79
0,0.4,6,0.48,0.35,117.86,53.88,14.54
0,0.4,6,0.48,0.4,116.64,52.75,14.31
0,0.4,8,0.24,0.3,94.21,33.03,10.25
0,0.4,8,0.24,0.35,93.30,32.10,10.06
0,0.4,8,0.24,0.4,93.00,31.78,10.00
0,0.4,8,0.28,0.3,98.39,36.80,11.03
0,0.4,8,0.28,0.35,97.39,35.80,10.82
0,0.4,8,0.28,0.4,96.62,35.02,10.66
0,0.4,8,0.32,0.3,102.29,40.26,11.74
0,0.4,8,0.32,0.35,101.21,39.21,11.53
0,0.4,8,0.32,0.4,100.23,38.24,11.33
0,0.4,8,0.36,0.3,106.01,43.54,12.42
0,0.4,8,0.36,0.35,104.86,42.45,12.19
0,0.4,8,0.36,0.4,103.82,41.43,11.98
0,0.4,8,0.4,0.3,109.69,46.78,13.08
0,0.4,8,0.4,0.35,108.50,45.66,12.85
0,0.4,8,0.4,0.4,107.40,44.61,12.64
0,0.4,8,0.44,0.3,113.35,49.99,13.74
0,0.4,8,0.44,0.35,112.11,48.84,13.51
0,0.4,8,0.44,0.4,110.96,47.75,13.28
0,0.4,8,0.48,0.3,116.98,53.17,14.40
0,0.4,8,0.48,0.35,115.69,51.99,14.15
0,0.4,8,0.48,0.4,114.50,50.87,13.92
0,0.4,10,0.24,0.3,92.68,31.68,9.97
0,0.4,10,0.24,0.35,91.79,30.76,9.79
0,0.4,10,0.24,0.4,91.51,30.45,9.72
0,0.4,10,0.28,0.3,96.84,35.42,10.74
0,0.4,10,0.28,0.35,95.85,34.44,10.54
0,0.4,10,0.28,0.4,95.10,33.67,10.39
0,0.4,10,0.32,0.3,100.72,38.88,11.46
0,0.4,10,0.32,0.35,99.66,37.84,11.24
0,0.4,10,0.32,0.4,98.70,36.88,11.05
0,0.4,10,0.36,0.3,104.42,42.15,12.13
0,0.4,10,0.36,0.35,103.30,41.07,11.91
0,0.4,10,0.36,0.4,102.28,40.07,11.70
0,0.4,10,0.4,0.3,108.10,45.39,12.80
0,0.4,10,0.4,0.35,106.92,44.28,12.57
0,0.4,10,0.4,0.4,105.85,43.24,12.35
0,0.4,10,0.44,0.3,111.76,48.60,13.46
0,0.4,10,0.44,0.35,110.53,47.45,13.22
0,0.4,10,0.44,0.4,109.40,46.38,13.00
0,0.4,10,0.48,0.3,115.38,51.78,14.11
0,0.4,10,0.48,0.35,114.11,50.60,13.87
0,0.4,10,0.48,0.4,112.93,49.49,13.64
0,0.4,12,0.24,0.3,91.52,30.65,9.76
0,0.4,12,0.24,0.35,90.65,29.75,9.58
0,0.4,12,0.24,0.4,90.38,29.44,9.52
0,0.4,12,0.28,0.3,95.65,34.37,10.53
0,0.4,12,0.28,0.35,94.68,33.41,10.33
0,0.4,12,0.28,0.4,93.95,32.65,10.18
0,0.4,12,0.32,0.3,99.52,37.82,11.24
0,0.4,12,0.32,0.35,98.47,36.80,11.03
0,0.4,12,0.32,0.4,97.53,35.85,10.83
0,0.4,12,0.36,0.3,103.21,41.09,11.91
0,0.4,12,0.36,0.35,102.10,40.02,11.69
0,0.4,12,0.36,0.4,101.10,39.03,11.49
0,0.4,12,0.4,0.3,106.89,44.32,12.58
0,0.4,12,0.4,0.35,105.72,43.22,12.35
0,0.4,12,0.4,0.4,104.66,42.19,12.14
0,0.4,12,0.44,0.3,110.54,47.53,13.24
0,0.4,12,0.44,0.35,109.32,46.40,13.00
0,0.4,12,0.44,0.4,108.21,45.33,12.79
0,0.4,12,0.48,0.3,114.16,50.71,13.89
0,0.4,12,0.48,0.35,112.90,49.54,13.65
0,0.4,12,0.48,0.4,111.74,48.44,13.43
0,0.4,14,0.24,0.3,90.60,29.84,9.59
0,0.4,14,0.24,0.35,89.76,28.95,9.41
0,0.4,14,0.24,0.4,89.49,28.65,9.35
0,0.4,14,0.28,0.3,94.71,33.55,10.36
0,0.4,14,0.28,0.35,93.76,32.59,10.16
0,0.4,14,0.28,0.4,93.05,31.84,10.01
0,0.4,14,0.32,0.3,98.57,36.98,11.07
0,0.4,14,0.32,0.35,97.54,35.97,10.86
0,0.4,14,0.32,0.4,96.62,35.03,10.67
0,0.4,14,0.36,0.3,102.26,40.25,11.74
0,0.4,14,0.36,0.35,101.16,39.19,11.52
0,0.4,14,0.36,0.4,100.17,38.21,11.32
0,0.4,14,0.4,0.3,105.93,43.48,12.40
0,0.4,14,0.4,0.35,104.77,42.39,12.18
0,0.4,14,0.4,0.4,103.73,41.37,11.97
0,0.4,14,0.44,0.3,109.58,46.69,13.06
0,0.4,14,0.44,0.35,108.37,45.56,12.83
0,0.4,14,0.44,0.4,107.27,44.50,12.61
0,0.4,14,0.48,0.3,113.20,49.87,13.72
0,0.4,14,0.48,0.35,111.94,48.70,13.48
0,0.4,14,0.48,0.4,110.79,47.62,13.25
0,0.4,16,0.24,0.3,89.86,29.18,9.46
0,0.4,16,0.24,0.35,89.04,28.31,9.28
0,0.4,16,0.24,0.4,88.78,28.01,9.22
0,0.4,16,0.28,0.3,93.96,32.88,10.22
0,0.4,16,0.28,0.35,93.02,31.93,10.03
0,0.4,16,0.28,0.4,92.32,31.19,9.88
0,0.4,16,0.32,0.3,97.81,36.31,10.93
0,0.4,16,0.32,0.35,96.78,35.31,10.72
0,0.4,16,0.32,0.4,95.87,34.38,10.53
0,0.4,16,0.36,0.3,101.49,39.57,11.60
0,0.4,16,0.36,0.35,100.40,38.52,11.38
0,0.4,16,0.36,0.4,99.43,37.55,11.18
0,0.4,16,0.4,0.3,105.16,42.80,12.26
0,0.4,16,0.4,0.35,104.01,41.71,12.04
0,0.4,16,0.4,0.4,102.97,40.70,11.83
0,0.4,16,0.44,0.3,108.80,46.01,12.92
0,0.4,16,0.44,0.35,107.60,44.89,12.69
0,0.4,16,0.44,0.4,106.51,43.83,12.48
0,0.4,16,0.48,0.3,112.42,49.18,13.58
0,0.4,16,0.48,0.35,111.17,48.03,13.34
0,0.4,16,0.48,0.4,110.03,46.94,13.12
0,0.45,6,0.24,0.3,97.36,35.76,10.81
0,0.45,6,0.24,0.35,96.33,34.70,10.60
0,0.45,6,0.24,0.4,96.00,34.35,10.53
0,0.45,6,0.28,0.3,102.05,39.98,11.68
0,0.45,6,0.28,0.35,100.91,38.85,11.45
0,0.45,6,0.28,0.4,100.05,37.97,11.27
0,0.45,6,0.32,0.3,106.42,43.85,12.48
0,0.45,6,0.32,0.35,105.19,42.66,12.24
0,0.45,6,0.32,0.4,104.08,41.56,12.01
0,0.45,6,0.36,0.3,110.57,47.51,13.23
0,0.45,6,0.36,0.35,109.27,46.28,12.98
0,0.45,6,0.36,0.4,108.09,45.13,12.75
0,0.45,6,0.4,0.3,114.69,51.12,13.98
0,0.45,6,0.4,0.35,113.33,49.85,13.72
0,0.45,6,0.4,0.4,112.09,48.67,13.47
0,0.45,6,0.44,0.3,118.77,54.70,14.71
0,0.45,6,0.44,0.35,117.35,53.39,14.44
0,0.45,6,0.44,0.4,116.05,52.17,14.19
0,0.45,6,0.48,0.3,122.81,58.24,15.44
0,0.45,6,0.48,0.35,121.34,56.89,15.16
0,0.45,6,0.48,0.4,119.99,55.63,14.90
0,0.45,8,0.24,0.3,95.44,34.06,10.47
0,0.45,8,0.24,0.35,94.45,33.03,10.25
0,0.45,8,0.24,0.4,94.13,32.68,10.18
0,0.45,8,0.28,0.3,100.10,38.26,11.33
0,0.45,8,0.28,0.35,98.99,37.15,11.10
0,0.45,8,0.28,0.4,98.15,36.29,10.93
0,0.45,8,0.32,0.3,104.45,42.12,12.12
0,0.45,8,0.32,0.35,103.25,40.95,11.88
0,0.45,8,0.32,0.4,102.17,39.87,11.66
0,0.45,8,0.36,0.3,108.59,45.77,12.88
0,0.45,8,0.36,0.35,107.31,44.56,12.63
0,0.45,8,0.36,0.4,106.16,43.43,12.39
0,0.45,8,0.4,0.3,112.70,49.38,13.62
0,0.45,8,0.4,0.35,111.36,48.13,13.36
0,0.45,8,0.4,0.4,110.15,46.96,13.12
0,0.45,8,0.44,0.3,116.77,52.96,14.35
0,0.45,8,0.44,0.35,115.38,51.66,14.09
0,0.45,8,0.44,0.4,114.10,50.45,13.84
0,0.45,8,0.48,0.3,120.81,56.49,15.08
0,0.45,8,0.48,0.35,119.36,55.16,14.81
0,0.45,8,0.48,0.4,118.03,53.91,14.55
0,0.45,10,0.24,0.3,94.05,32.82,10.21
0,0.45,10,0.24,0.35,93.08,31.81,10.00
0,0.45,10,0.24,0.4,92.78,31.47,9.93
0,0.45,10,0.28,0.3,98.68,37.00,11.07
0,0.45,10,0.28,0.35,97.59,35.91,10.85
0,0.45,10,0.28,0.4,96.78,35.06,10.67
0,0.45,10,0.32,0.3,103.01,40.85,11.86
0,0.45,10,0.32,0.35,101.83,39.70,11.63
0,0.45,10,0.32,0.4,100.77,38.63,11.41
0,0.45,10,0.36,0.3,107.14,44.50,12.61
0,0.45,10,0.36,0.35,105.89,43.30,12.37
0,0.45,10,0.36,0.4,104.75,42.18,12.14
0,0.45,10,0.4,0.3,111.24,48.11,13.36
0,0.45,10,0.4,0.35,109.92,46.87,13.10
0,0.45,10,0.4,0.4,108.73,45.71,12.86
0,0.45,10,0.44,0.3,115.31,51.69,14.09
0,0.45,10,0.44,0.35,113.93,50.40,13.83
0,0.45,10,0.44,0.4,112.68,49.20,13.58
0,0.45,10,0.48,0.3,119.35,55.22,14.82
0,0.45,10,0.48,0.35,117.91,53.90,14.55
0,0.45,10,0.48,0.4,116.60,52.66,14.29
0,0.45,12,0.24,0.3,92.99,31.88,10.02
0,0.45,12,0.24,0.35,92.04,30.88,9.81
0,0.45,12,0.24,0.4,91.74,30.55,9.74
0,0.45,12,0.28,0.3,97.59,36.04,10.87
0,0.45,12,0.28,0.35,96.53,34.97,10.65
0,0.45,12,0.28,0.4,95.73,34.12,10.48
0,0.45,12,0.32,0.3,101.91,39.89,11.66
0,0.45,12,0.32,0.35,100.75,38.74,11.43
0,0.45,12,0.32,0.4,99.71,37.69,11.21
0,0.45,12,0.36,0.3,106.04,43.53,12.41
0,0.45,12,0.36,0.35,104.79,42.34,12.17
0,0.45,12,0.36,0.4,103.68,41.23,11.94
0,0.45,12,0.4,0.3,110.13,47.14,13.16
0,0.45,12,0.4,0.35,108.82,45.90,12.90
0,0.45,12,0.4,0.4,107.64,44.75,12.67
0,0.45,12,0.44,0.3,114.20,50.71,13.89
0,0.45,12,0.44,0.35,112.83,49.43,13.63
0,0.45,12,0.44,0.4,111.59,48.25,13.39
0,0.45,12,0.48,0.3,118.23,54.24,14.62
0,0.45,12,0.48,0.35,116.81,52.93,14.35
0,0.45,12,0.48,0.4,115.51,51.70,14.10
0,0.45,14,0.24,0.3,92.15,31.14,9.86
0,0.45,14,0.24,0.35,91.23,30.15,9.66
0,0.45,14,0.24,0.4,90.93,29.82,9.60
0,0.45,14,0.28,0.3,96.74,35.29,10.72
0,0.45,14,0.28,0.35,95.69,34.22,10.50
0,0.45,14,0.28,0.4,94.90,33.39,10.33
0,0.45,14,0.32,0.3,101.04,39.12,11.51
0,0.45,14,0.32,0.35,99.89,37.99,11.28
0,0.45,14,0.32,0.4,98.87,36.95,11.06
0,0.45,14,0.36,0.3,105.16,42.77,12.26
0,0.45,14,0.36,0.35,103.93,41.58,12.01
0,0.45,14,0.36,0.4,102.84,40.48,11.79
0,0.45,14,0.4,0.3,109.26,46.37,13.00
0,0.45,14,0.4,0.35,107.96,45.14,12.75
0,0.45,14,0.4,0.4,106.79,44.00,12.51
0,0.45,14,0.44,0.3,113.32,49.94,13.73
0,0.45,14,0.44,0.35,111.96,48.67,13.47
0,0.45,14,0.44,0.4,110.73,47.49,13.23
0,0.45,14,0.48,0.3,117.35,53.47,14.46
0,0.45,14,0.48,0.35,115.94,52.17,14.19
0,0.45,14,0.48,0.4,114.64,50.95,13.94
0,0.45,16,0.24,0.3,91.47,30.54,9.74
0,0.45,16,0.24,0.35,90.57,29.56,9.54
0,0.45,16,0.24,0.4,90.28,29.24,9.47
0,0.45,16,0.28,0.3,96.05,34.68,10.59
0,0.45,16,0.28,0.35,95.01,33.62,10.38
0,0.45,16,0.28,0.4,94.23,32.79,10.21
0,0.45,16,0.32,0.3,100.34,38.51,11.38
0,0.45,16,0.32,0.35,99.21,37.38,11.15
0,0.45,16,0.32,0.4,98.20,36.35,10.94
0,0.45,16,0.36,0.3,104.46,42.14,12.13
0,0.45,16,0.36,0.35,103.24,40.97,11.89
0,0.45,16,0.36,0.4,102.15,39.88,11.66
0,0.45,16,0.4,0.3,108.55,45.75,12.87
0,0.45,16,0.4,0.35,107.26,44.53,12.62
0,0.45,16,0.4,0.4,106.10,43.39,12.39
0,0.45,16,0.44,0.3,112.61,49.32,13.60
0,0.45,16,0.44,0.35,111.26,48.06,13.35
0,0.45,16,0.44,0.4,110.03,46.88,13.10
0,0.45,16,0.48,0.3,116.64,52.85,14.33
0,0.45,16,0.48,0.35,115.23,51.55,14.06
0,0.45,16,0.48,0.4,113.95,50.33,13.81
0,0.5,6,0.24,0.3,98.41,36.62,10.99
0,0.5,6,0.24,0.35,97.30,35.47,10.76
0,0.5,6,0.24,0.4,96.96,35.09,10.68
0,0.5,6,0.28,0.3,103.57,41.26,11.95
0,0.5,6,0.28,0.35,102.33,40.03,11.70
0,0.5,6,0.28,0.4,101.40,39.07,11.50
0,0.5,6,0.32,0.3,108.38,45.53,12.83
0,0.5,6,0.32,0.35,107.03,44.23,12.56
0,0.5,6,0.32,0.4,105.83,43.03,12.31
0,0.5,6,0.36,0.3,112.95,49.56,13.66
0,0.5,6,0.36,0.35,111.52,48.20,13.38
0,0.5,6,0.36,0.4,110.24,46.95,13.12
0,0.5,6,0.4,0.3,117.48,53.54,14.47
0,0.5,6,0.4,0.35,115.98,52.13,14.19
0,0.5,6,0.4,0.4,114.62,50.83,13.92
0,0.5,6,0.44,0.3,121.96,57.47,15.28
0,0.5,6,0.44,0.35,120.40,56.02,14.99
0,0.5,6,0.44,0.4,118.98,54.68,14.71
0,0.5,6,0.48,0.3,126.40,61.35,16.08
0,0.5,6,0.48,0.35,124.78,59.87,15.78
0,0.5,6,0.48,0.4,123.30,58.48,15.49
0,0.5,8,0.24,0.3,96.68,35.08,10.68
0,0.5,8,0.24,0.35,95.60,33.95,10.45
0,0.5,8,0.24,0.4,95.27,33.58,10.37
0,0.5,8,0.28,0.3,101.80,39.71,11.63
0,0.5,8,0.28,0.35,100.59,38.49,11.38
0,0.5,8,0.28,0.4,99.69,37.55,11.19
0,0.5,8,0.32,0.3,106.59,43.97,12.50
0,0.5,8,0.32,0.35,105.27,42.68,12.24
0,0.5,8,0.32,0.4,104.10,41.49,12.00
0,0.5,8,0.36,0.3,111.15,47.98,13.33
0,0.5,8,0.36,0.35,109.75,46.65,13.06
0,0.5,8,0.36,0.4,108.49,45.41,12.80
0,0.5,8,0.4,0.3,115.67,51.96,14.15
0,0.5,8,0.4,0.35,114.20,50.57,13.86
0,0.5,8,0.4,0.4,112.87,49.29,13.60
0,0.5,8,0.44,0.3,120.16,55.89,14.96
0,0.5,8,0.44,0.35,118.61,54.46,14.66
0,0.5,8,0.44,0.4,117.21,53.13,14.39
0,0.5,8,0.48,0.3,124.59,59.78,15.76
0,0.5,8,0.48,0.35,122.99,58.30,15.45
0,0.5,8,0.48,0.4,121.52,56.93,15.17
0,0.5,10,0.24,0.3,95.41,33.96,10.45
0,0.5,10,0.24,0.35,94.37,32.85,10.22
0,0.5,10,0.24,0.4,94.04,32.48,10.14
0,0.5,10,0.28,0.3,100.51,38.57,11.39
0,0.5,10,0.28,0.35,99.33,37.37,11.15
0,0.5,10,0.28,0.4,98.44,36.44,10.96
0,0.5,10,0.32,0.3,105.28,42.82,12.27
0,0.5,10,0.32,0.35,103.99,41.54,12.01
0,0.5,10,0.32,0.4,102.84,40.37,11.77
0,0.5,10,0.36,0.3,109.84,46.83,13.09
0,0.5,10,0.36,0.35,108.45,45.51,12.82
0,0.5,10,0.36,0.4,107.22,44.28,12.57
0,0.5,10,0.4,0.3,114.36,50.81,13.91
0,0.5,10,0.4,0.35,112.89,49.43,13.63
0,0.5,10,0.4,0.4,111.58,48.16,13.37
0,0.5,10,0.44,0.3,118.84,54.74,14.72
0,0.5,10,0.44,0.35,117.30,53.31,14.43
0,0.5,10,0.44,0.4,115.92,51.99,14.16
0,0.5,10,0.48,0.3,123.27,58.62,15.52
0,0.5,10,0.48,0.35,121.68,57.16,15.22
0,0.5,10,0.48,0.4,120.23,55.79,14.94
0,0.5,12,0.24,0.3,94.45,33.11,10.27
0,0.5,12,0.24,0.35,93.43,32.01,10.05
0,0.5,12,0.24,0.4,93.11,31.65,9.97
0,0.5,12,0.28,0.3,99.52,37.70,11.21
0,0.5,12,0.28,0.35,98.36,36.51,10.97
0,0.5,12,0.28,0.4,97.49,35.59,10.78
0,0.5,12,0.32,0.3,104.29,41.94,12.09
0,0.5,12,0.32,0.35,103.01,40.68,11.83
0,0.5,12,0.32,0.4,101.87,39.52,11.59
0,0.5,12,0.36,0.3,108.84,45.95,12.91
0,0.5,12,0.36,0.35,107.46,44.64,12.64
0,0.5,12,0.36,0.4,106.25,43.42,12.39
0,0.5,12,0.4,0.3,113.35,49.93,13.73
0,0.5,12,0.4,0.35,111.90,48.56,13.45
0,0.5,12,0.4,0.4,110.60,47.29,13.19
0,0.5,12,0.44,0.3,117.83,53.86,14.54
0,0.5,12,0.44,0.35,116.31,52.44,14.25
0,0.5,12,0.44,0.4,114.94,51.13,13.98
0,0.5,12,0.48,0.3,122.26,57.74,15.34
0,0.5,12,0.48,0.35,120.68,56.28,15.04
0,0.5,12,0.48,0.4,119.24,54.92,14.76
0,0.5,14,0.24,0.3,93.69,32.44,10.13
0,0.5,14,0.24,0.35,92.69,31.35,9.91
0,0.5,14,0.24,0.4,92.38,30.99,9.84
0,0.5,14,0.28,0.3,98.75,37.01,11.07
0,0.5,14,0.28,0.35,97.60,35.84,10.83
0,0.5,14,0.28,0.4,96.74,34.92,10.65
0,0.5,14,0.32,0.3,103.50,41.25,11.94
0,0.5,14,0.32,0.35,102.23,40.00,11.69
0,0.5,14,0.32,0.4,101.12,38.85,11.45
0,0.5,14,0.36,0.3,108.04,45.26,12.77
0,0.5,14,0.36,0.35,106.68,43.95,12.50
0,0.5,14,0.36,0.4,105.48,42.74,12.25
0,0.5,14,0.4,0.3,112.55,49.23,13.59
0,0.5,14,0.4,0.35,111.12,47.87,13.31
0,0.5,14,0.4,0.4,109.83,46.61,13.05
0,0.5,14,0.44,0.3,117.03,53.16,14.40
0,0.5,14,0.44,0.35,115.52,51.75,14.11
0,0.5,14,0.44,0.4,114.16,50.45,13.84
0,0.5,14,0.48,0.3,121.46,57.04,15.19
0,0.5,14,0.48,0.35,119.89,55.59,14.90
0,0.5,14,0.48,0.4,118.46,54.24,14.62
0,0.5,16,0.24,0.3,93.08,31.89,10.02
0,0.5,16,0.24,0.35,92.09,30.82,9.80
0,0.5,16,0.24,0.4,91.79,30.46,9.73
0,0.5,16,0.28,0.3,98.12,36.46,10.96
0,0.5,16,0.28,0.35,96.99,35.29,10.72
0,0.5,16,0.28,0.4,96.14,34.38,10.54
0,0.5,16,0.32,0.3,102.87,40.69,11.83
0,0.5,16,0.32,0.35,101.61,39.44,11.57
0,0.5,16,0.32,0.4,100.51,38.30,11.34
0,0.5,16,0.36,0.3,107.40,44.70,12.65
0,0.5,16,0.36,0.35,106.05,43.39,12.39
0,0.5,16,0.36,0.4,104.86,42.19,12.14
0,0.5,16,0.4,0.3,111.91,48.67,13.47
0,0.5,16,0.4,0.35,110.48,47.31,13.19
0,0.5,16,0.4,0.4,109.20,46.06,12.94
0,0.5,16,0.44,0.3,116.38,52.60,14.28
0,0.5,16,0.44,0.35,114.88,51.19,13.99
0,0.5,16,0.44,0.4,113.53,49.89,13.72
0,0.5,16,0.48,0.3,120.81,56.48,15.08
0,0.5,16,0.48,0.35,119.25,55.03,14.78
0,0.5,16,0.48,0.4,117.82,53.68,14.50
0,0.55,6,0.24,0.3,99.45,37.47,11.17
0,0.55,6,0.24,0.35,98.28,36.23,10.92
0,0.55,6,0.24,0.4,97.92,35.83,10.83
0,0.55,6,0.28,0.3,105.07,42.54,12.21
0,0.55,6,0.28,0.35,103.74,41.21,11.94
0,0.55,6,0.28,0.4,102.75,40.17,11.73
0,0.55,6,0.32,0.3,110.32,47.20,13.17
0,0.55,6,0.32,0.35,108.86,45.78,12.88
0,0.55,6,0.32,0.4,107.57,44.48,12.61
0,0.55,6,0.36,0.3,115.30,51.59,14.07
0,0.55,6,0.36,0.35,113.75,50.11,13.77
0,0.55,6,0.36,0.4,112.37,48.75,13.49
0,0.55,6,0.4,0.3,120.24,55.93,14.97
0,0.55,6,0.4,0.35,118.61,54.39,14.65
0,0.55,6,0.4,0.4,117.14,52.98,14.36
0,0.55,6,0.44,0.3,125.13,60.21,15.85
0,0.55,6,0.44,0.35,123.42,58.63,15.52
0,0.55,6,0.44,0.4,121.88,57.16,15.22
0,0.55,6,0.48,0.3,129.95,64.43,16.71
0,0.55,6,0.48,0.35,128.18,62.81,16.38
0,0.55,6,0.48,0.4,126.57,61.29,16.07
0,0.55,8,0.24,0.3,97.90,36.10,10.89
0,0.55,8,0.24,0.35,96.76,34.88,10.64
0,0.55,8,0.24,0.4,96.41,34.48,10.56
0,0.55,8,0.28,0.3,103.49,41.14,11.92
0,0.55,8,0.28,0.35,102.19,39.83,11.66
0,0.55,8,0.28,0.4,101.22,38.81,11.45
0,0.55,8,0.32,0.3,108.71,45.79,12.88
0,0.55,8,0.32,0.35,107.29,44.39,12.59
0,0.55,8,0.32,0.4,106.02,43.11,12.33
0,0.55,8,0.36,0.3,113.69,50.18,13.78
0,0.55,8,0.36,0.35,112.16,48.72,13.48
0,0.55,8,0.36,0.4,110.81,47.37,13.21
0,0.55,8,0.4,0.3,118.62,54.51,14.67
0,0.55,8,0.4,0.35,117.01,52.99,14.36
0,0.55,8,0.4,0.4,115.57,51.60,14.08
0,0.55,8,0.44,0.3,123.51,58.79,15.56
0,0.55,8,0.44,0.35,121.81,57.22,15.23
0,0.55,8,0.44,0.4,120.29,55.77,14.94
0,0.55,8,0.48,0.3,128.33,63.02,16.42
0,0.55,8,0.48,0.35,126.57,61.40,16.09
0,0.55,8,0.48,0.4,124.98,59.90,15.78
0,0.55,10,0.24,0.3,96.77,35.09,10.68
0,0.55,10,0.24,0.35,95.65,33.89,10.43
0,0.55,10,0.24,0.4,95.31,33.49,10.35
0,0.55,10,0.28,0.3,102.33,40.12,11.71
0,0.55,10,0.28,0.35,101.05,38.82,11.45
0,0.55,10,0.28,0.4,100.10,37.81,11.24
0,0.55,10,0.32,0.3,107.54,44.76,12.67
0,0.55,10,0.32,0.35,106.13,43.37,12.38
0,0.55,10,0.32,0.4,104.89,42.10,12.12
0,0.55,10,0.36,0.3,112.51,49.14,13.57
0,0.55,10,0.36,0.35,111.00,47.70,13.27
0,0.55,10,0.36,0.4,109.66,46.36,13.00
0,0.55,10,0.4,0.3,117.44,53.48,14.46
0,0.55,10,0.4,0.35,115.84,51.97,14.15
0,0.55,10,0.4,0.4,114.42,50.58,13.87
0,0.55,10,0.44,0.3,122.32,57.76,15.34
0,0.55,10,0.44,0.35,120.64,56.20,15.02
0,0.55,10,0.44,0.4,119.14,54.76,14.73
0,0.55,10,0.48,0.3,127.14,61.98,16.21
0,0.55,10,0.48,0.35,125.40,60.38,15.88
0,0.55,10,0.48,0.4,123.82,58.89,15.57
0,0.55,12,0.24,0.3,95.91,34.33,10.52
0,0.55,12,0.24,0.35,94.81,33.14,10.28
0,0.55,12,0.24,0.4,94.47,32.75,10.20
0,0.55,12,0.28,0.3,101.45,39.34,11.55
0,0.55,12,0.28,0.35,100.19,38.05,11.29
0,0.55,12,0.28,0.4,99.25,37.05,11.09
0,0.55,12,0.32,0.3,106.65,43.98,12.51
0,0.55,12,0.32,0.35,105.25,42.60,12.22
0,0.55,12,0.32,0.4,104.03,41.34,11.97
0,0.55,12,0.36,0.3,111.61,48.35,13.41
0,0.55,12,0.36,0.35,110.11,46.91,13.11
0,0.55,12,0.36,0.4,108.79,45.59,12.84
0,0.55,12,0.4,0.3,116.53,52.69,14.30
0,0.55,12,0.4,0.35,114.95,51.19,13.99
0,0.55,12,0.4,0.4,113.54,49.81,13.71
0,0.55,12,0.44,0.3,121.41,56.97,15.18
0,0.55,12,0.44,0.35,119.75,55.41,14.86
0,0.55,12,0.44,0.4,118.25,53.98,14.57
0,0.55,12,0.48,0.3,126.24,61.19,16.05
0,0.55,12,0.48,0.35,124.50,59.59,15.72
0,0.55,12,0.48,0.4,122.93,58.11,15.41
0,0.55,14,0.24,0.3,95.23,33.72,10.40
0,0.55,14,0.24,0.35,94.15,32.54,10.16
0,0.55,14,0.24,0.4,93.82,32.16,10.08
0,0.55,14,0.28,0.3,100.75,38.73,11.43
0,0.55,14,0.28,0.35,99.51,37.45,11.17
0,0.55,14,0.28,0.4,98.58,36.45,10.96
0,0.55,14,0.32,0.3,105.94,43.35,12.38
0,0.55,14,0.32,0.35,104.56,41.98,12.10
0,0.55,14,0.32,0.4,103.35,40.73,11.84
0,0.55,14,0.36,0.3,110.90,47.73,13.28
0,0.55,14,0.36,0.35,109.41,46.30,12.99
0,0.55,14,0.36,0.4,108.10,44.98,12.72
0,0.55,14,0.4,0.3,115.82,52.06,14.17
0,0.55,14,0.4,0.35,114.24,50.57,13.86
0,0.55,14,0.4,0.4,112.84,49.20,13.58
0,0.55,14,0.44,0.3,120.70,56.34,15.05
0,0.55,14,0.44,0.35,119.04,54.79,14.73
0,0.55,14,0.44,0.4,117.55,53.37,14.44
0,0.55,14,0.48,0.3,125.52,60.57,15.92
0,0.55,14,0.48,0.35,123.79,58.97,15.59
0,0.55,14,0.48,0.4,122.23,57.49,15.29
0,0.55,16,0.24,0.3,94.68,33.24,10.30
0,0.55,16,0.24,0.35,93.61,32.07,10.06
0,0.55,16,0.24,0.4,93.29,31.68,9.98
0,0.55,16,0.28,0.3,100.19,38.23,11.32
0,0.55,16,0.28,0.35,98.95,36.96,11.06
0,0.55,16,0.28,0.4,98.03,35.97,10.86
0,0.55,16,0.32,0.3,105.37,42.85,12.28
0,0.55,16,0.32,0.35,104.00,41.49,12.00
0,0.55,16,0.32,0.4,102.80,40.24,11.74
0,0.55,16,0.36,0.3,110.33,47.23,13.18
0,0.55,16,0.36,0.35,108.85,45.80,12.88
0,0.55,16,0.36,0.4,107.55,44.49,12.61
0,0.55,16,0.4,0.3,115.24,51.56,14.07
0,0.55,16,0.4,0.35,113.68,50.07,13.76
0,0.55,16,0.4,0.4,112.28,48.70,13.48
0,0.55,16,0.44,0.3,120.12,55.83,14.95
0,0.55,16,0.44,0.35,118.47,54.29,14.63
0,0.55,16,0.44,0.4,116.99,52.87,14.34
0,0.55,16,0.48,0.3,124.94,60.06,15.82
0,0.55,16,0.48,0.35,123.22,58.47,15.49
0,0.55,16,0.48,0.4,121.66,57.00,15.19
0,0.6,6,0.24,0.3,100.50,38.33,11.35
0,0.6,6,0.24,0.35,99.26,37.00,11.08
0,0.6,6,0.24,0.4,98.88,36.57,10.99
0,0.6,6,0.28,0.3,106.57,43.81,12.47
0,0.6,6,0.28,0.35,105.15,42.38,12.18
0,0.6,6,0.28,0.4,104.10,41.26,11.95
0,0.6,6,0.32,0.3,112.24,48.85,13.51
0,0.6,6,0.32,0.35,110.68,47.33,13.20
0,0.6,6,0.32,0.4,109.30,45.93,12.91
0,0.6,6,0.36,0.3,117.63,53.60,14.49
0,0.6,6,0.36,0.35,115.97,52.00,14.16
0,0.6,6,0.36,0.4,114.49,50.54,13.86
0,0.6,6,0.4,0.3,122.97,58.29,15.45
0,0.6,6,0.4,0.35,121.21,56.63,15.11
0,0.6,6,0.4,0.4,119.64,55.11,14.80
0,0.6,6,0.44,0.3,128.25,62.92,16.40
0,0.6,6,0.44,0.35,126.40,61.20,16.05
0,0.6,6,0.44,0.4,124.75,59.62,15.73
0,0.6,6,0.48,0.3,133.46,67.47,17.34
0,0.6,6,0.48,0.35,131.54,65.71,16.98
0,0.6,6,0.48,0.4,129.81,64.08,16.64
0,0.6,8,0.24,0.3,99.13,37.11,11.10
0,0.6,8,0.24,0.35,97.92,35.80,10.83
0,0.6,8,0.24,0.4,97.55,35.38,10.74
0,0.6,8,0.28,0.3,105.17,42.57,12.22
0,0.6,8,0.28,0.35,103.77,41.15,11.93
0,0.6,8,0.28,0.4,102.74,40.06,11.71
0,0.6,8,0.32,0.3,110.82,47.61,13.25
0,0.6,8,0.32,0.35,109.29,46.09,12.94
0,0.6,8,0.32,0.4,107.93,44.71,12.66
0,0.6,8,0.36,0.3,116.21,52.35,14.23
0,0.6,8,0.36,0.35,114.56,50.77,13.91
0,0.6,8,0.36,0.4,113.10,49.32,13.61
0,0.6,8,0.4,0.3,121.54,57.04,15.19
0,0.6,8,0.4,0.35,119.79,55.39,14.86
0,0.6,8,0.4,0.4,118.25,53.88,14.55
0,0.6,8,0.44,0.3,126.82,61.66,16.15
0,0.6,8,0.44,0.35,124.98,59.96,15.80
0,0.6,8,0.44,0.4,123.35,58.39,15.47
0,0.6,8,0.48,0.3,132.03,66.22,17.08
0,0.6,8,0.48,0.35,130.12,64.47,16.72
0,0.6,8,0.48,0.4,128.40,62.85,16.39
0,0.6,10,0.24,0.3,98.13,36.22,10.91
0,0.6,10,0.24,0.35,96.94,34.92,10.65
0,0.6,10,0.24,0.4,96.58,34.50,10.56
0,0.6,10,0.28,0.3,104.14,41.67,12.03
0,0.6,10,0.28,0.35,102.77,40.26,11.75
0,0.6,10,0.28,0.4,101.75,39.17,11.52
0,0.6,10,0.32,0.3,109.79,46.69,13.07
0,0.6,10,0.32,0.35,108.26,45.19,12.76
0,0.6,10,0.32,0.4,106.93,43.82,12.48
0,0.6,10,0.36,0.3,115.16,51.43,14.04
0,0.6,10,0.36,0.35,113.53,49.86,13.72
0,0.6,10,0.36,0.4,112.09,48.42,13.43
0,0.6,10,0.4,0.3,120.49,56.12,15.01
0,0.6,10,0.4,0.35,118.76,54.48,14.67
0,0.6,10,0.4,0.4,117.23,52.99,14.36
0,0.6,10,0.44,0.3,125.77,60.75,15.96
0,0.6,10,0.44,0.35,123.95,59.05,15.61
0,0.6,10,0.44,0.4,122.32,57.49,15.29
0,0.6,10,0.48,0.3,130.98,65.31,16.89
0,0.6,10,0.48,0.35,129.08,63.56,16.54
0,0.6,10,0.48,0.4,127.37,61.95,16.21
0,0.6,12,0.24,0.3,97.36,35.54,10.77
0,0.6,12,0.24,0.35,96.19,34.26,10.51
0,0.6,12,0.24,0.4,95.84,33.84,10.43
0,0.6,12,0.28,0.3,103.36,40.97,11.89
0,0.6,12,0.28,0.35,102.00,39.58,11.61
0,0.6,12,0.28,0.4,101.00,38.50,11.39
0,0.6,12,0.32,0.3,108.99,46.00,12.92
0,0.6,12,0.32,0.35,107.48,44.50,12.62
0,0.6,12,0.32,0.4,106.17,43.14,12.34
0,0.6,12,0.36,0.3,114.36,50.73,13.90
0,0.6,12,0.36,0.35,112.74,49.17,13.58
0,0.6,12,0.36,0.4,111.32,47.74,13.28
0,0.6,12,0.4,0.3,119.69,55.42,14.86
0,0.6,12,0.4,0.35,117.97,53.79,14.53
0,0.6,12,0.4,0.4,116.45,52.30,14.22
0,0.6,12,0.44,0.3,124.97,60.04,15.81
0,0.6,12,0.44,0.35,123.15,58.36,15.47
0,0.6,12,0.44,0.4,121.54,56.81,15.15
0,0.6,12,0.48,0.3,130.17,64.60,16.75
0,0.6,12,0.48,0.35,128.29,62.87,16.39
0,0.6,12,0.48,0.4,126.59,61.26,16.06
0,0.6,14,0.24,0.3,96.76,35.01,10.66
0,0.6,14,0.24,0.35,95.61,33.73,10.40
0,0.6,14,0.24,0.4,95.26,33.32,10.32
0,0.6,14,0.28,0.3,102.74,40.43,11.78
0,0.6,14,0.28,0.35,101.40,39.04,11.50
0,0.6,14,0.28,0.4,100.41,37.97,11.28
0,0.6,14,0.32,0.3,108.37,45.44,12.81
0,0.6,14,0.32,0.35,106.87,43.96,12.51
0,0.6,14,0.32,0.4,105.57,42.60,12.23
0,0.6,14,0.36,0.3,113.73,50.18,13.78
0,0.6,14,0.36,0.35,112.13,48.63,13.47
0,0.6,14,0.36,0.4,110.71,47.20,13.17
0,0.6,14,0.4,0.3,119.06,54.87,14.75
0,0.6,14,0.4,0.35,117.35,53.24,14.41
0,0.6,14,0.4,0.4,115.83,51.76,14.11
0,0.6,14,0.44,0.3,124.33,59.49,15.70
0,0.6,14,0.44,0.35,122.53,57.81,15.35
0,0.6,14,0.44,0.4,120.92,56.26,15.04
0,0.6,14,0.48,0.3,129.54,64.05,16.64
0,0.6,14,0.48,0.35,127.66,62.32,16.28
0,0.6,14,0.48,0.4,125.97,60.72,15.95
0,0.6,16,0.24,0.3,96.28,34.57,10.57
0,0.6,16,0.24,0.35,95.13,33.31,10.32
0,0.6,16,0.24,0.4,94.79,32.90,10.23
0,0.6,16,0.28,0.3,102.24,39.99,11.69
0,0.6,16,0.28,0.35,100.91,38.61,11.41
0,0.6,16,0.28,0.4,99.93,37.54,11.19
0,0.6,16,0.32,0.3,107.86,45.00,12.72
0,0.6,16,0.32,0.35,106.37,43.52,12.42
0,0.6,16,0.32,0.4,105.08,42.17,12.14
0,0.6,16,0.36,0.3,113.23,49.73,13.69
0,0.6,16,0.36,0.35,111.62,48.19,13.37
0,0.6,16,0.36,0.4,110.22,46.76,13.08
0,0.6,16,0.4,0.3,118.55,54.42,14.66
0,0.6,16,0.4,0.35,116.84,52.80,14.32
0,0.6,16,0.4,0.4,115.34,51.32,14.02
0,0.6,16,0.44,0.3,123.82,59.04,15.61
0,0.6,16,0.44,0.35,122.02,57.36,15.26
0,0.6,16,0.44,0.4,120.42,55.82,14.95
0,0.6,16,0.48,0.3,129.03,63.60,16.54
0,0.6,16,0.48,0.35,127.15,61.87,16.19
0,0.6,16,0.48,0.4,125.47,60.28,15.86
0.5,0.35,6,0.24,0.3,76.67,34.02,5.55
0.5,0.35,6,0.24,0.35,76.14,33.16,5.46
0.5,0.35,6,0.24,0.4,75.97,32.87,5.43
0.5,0.35,6,0.28,0.3,79.13,37.37,5.90
0.5,0.35,6,0.28,0.35,78.54,36.46,5.80
0.5,0.35,6,0.28,0.4,78.10,35.75,5.73
0.5,0.35,6,0.32,0.3,81.42,40.44,6.22
0.5,0.35,6,0.32,0.35,80.79,39.50,6.12
0.5,0.35,6,0.32,0.4,80.22,38.61,6.03
0.5,0.35,6,0.36,0.3,83.60,43.34,6.53
0.5,0.35,6,0.36,0.35,82.94,42.37,6.42
0.5,0.35,6,0.36,0.4,82.34,41.45,6.33
0.5,0.35,6,0.4,0.3,85.77,46.21,6.83
0.5,0.35,6,0.4,0.35,85.08,45.21,6.72
0.5,0.35,6,0.4,0.4,84.45,44.26,6.62
0.5,0.35,6,0.44,0.3,87.93,49.06,7.13
0.5,0.35,6,0.44,0.35,87.21,48.03,7.02
0.5,0.35,6,0.44,0.4,86.55,47.06,6.92
0.5,0.35,6,0.48,0.3,90.07,51.88,7.42
0.5,0.35,6,0.48,0.35,89.33,50.82,7.31
0.5,0.35,6,0.48,0.4,88.64,49.83,7.21
0.5,0.35,8,0.24,0.3,75.16,32.00,5.34
0.5,0.35,8,0.24,0.35,74.65,31.16,5.25
0.5,0.35,8,0.24,0.4,74.49,30.88,5.22
0.5,0.35,8,0.28,0.3,77.59,35.33,5.68
0.5,0.35,8,0.28,0.35,77.03,34.44,5.59
0.5,0.35,8,0.28,0.4,76.60,33.74,5.52
0.5,0.35,8,0.32,0.3,79.86,38.38,6.00
0.5,0.35,8,0.32,0.35,79.26,37.46,5.91
0.5,0.35,8,0.32,0.4,78.71,36.59,5.82
0.5,0.35,8,0.36,0.3,82.04,41.28,6.31
0.5,0.35,8,0.36,0.35,81.39,40.32,6.21
0.5,0.35,8,0.36,0.4,80.81,39.42,6.11
0.5,0.35,8,0.4,0.3,84.20,44.15,6.61
0.5,0.35,8,0.4,0.35,83.53,43.16,6.51
0.5,0.35,8,0.4,0.4,82.91,42.23,6.41
0.5,0.35,8,0.44,0.3,86.35,46.99,6.91
0.5,0.35,8,0.44,0.35,85.65,45.97,6.80
0.5,0.35,8,0.44,0.4,85.00,45.02,6.70
0.5,0.35,8,0.48,0.3,88.49,49.81,7.20
0.5,0.35,8,0.48,0.35,87.76,48.77,7.10
0.5,0.35,8,0.48,0.4,87.08,47.78,6.99
0.5,0.35,10,0.24,0.3,74.06,30.53,5.18
0.5,0.35,10,0.24,0.35,73.57,29.71,5.10
0.5,0.35,10,0.24,0.4,73.42,29.43,5.07
0.5,0.35,10,0.28,0.3,76.47,33.83,5.53
0.5,0.35,10,0.28,0.35,75.92,32.96,5.44
0.5,0.35,10,0.28,0.4,75.51,32.28,5.37
0.5,0.35,10,0.32,0.3,78.73,36.88,5.85
0.5,0.35,10,0.32,0.35,78.14,35.97,5.75
0.5,0.35,10,0.32,0.4,77.61,35.12,5.66
0.5,0.35,10,0.36,0.3,80.89,39.77,6.15
0.5,0.35,10,0.36,0.35,80.27,38.82,6.05
0.5,0.35,10,0.36,0.4,79.70,37.93,5.96
0.5,0.35,10,0.4,0.3,83.05,42.63,6.45
0.5,0.35,10,0.4,0.35,82.39,41.66,6.35
0.5,0.35,10,0.4,0.4,81.79,40.74,6.25
0.5,0.35,10,0.44,0.3,85.20,45.47,6.75
0.5,0.35,10,0.44,0.35,84.51,44.47,6.64
0.5,0.35,10,0.44,0.4,83.87,43.52,6.55
0.5,0.35,10,0.48,0.3,87.33,48.29,7.04
0.5,0.35,10,0.48,0.35,86.61,47.26,6.94
0.5,0.35,10,0.48,0.4,85.95,46.29,6.84
0.5,0.35,12,0.24,0.3,73.22,29.41,5.06
0.5,0.35,12,0.24,0.35,72.75,28.61,4.98
0.5,0.35,12,0.24,0.4,72.60,28.34,4.95
0.5,0.35,12,0.28,0.3,75.61,32.69,5.41
0.5,0.35,12,0.28,0.35,75.08,31.84,5.32
0.5,0.35,12,0.28,0.4,74.68,31.16,5.25
0.5,0.35,12,0.32,0.3,77.86,35.73,5.73
0.5,0.35,12,0.32,0.35,77.29,34.83,5.63
0.5,0.35,12,0.32,0.4,76.77,33.99,5.55
0.5,0.35,12,0.36,0.3,80.02,38.61,6.03
0.5,0.35,12,0.36,0.35,79.41,37.68,5.93
0.5,0.35,12,0.36,0.4,78.85,36.80,5.84
0.5,0.35,12,0.4,0.3,82.17,41.48,6.33
0.5,0.35,12,0.4,0.35,81.52,40.51,6.23
0.5,0.35,12,0.4,0.4,80.93,39.60,6.13
0.5,0.35,12,0.44,0.3,84.32,44.32,6.63
0.5,0.35,12,0.44,0.35,83.63,43.32,6.52
0.5,0.35,12,0.44,0.4,83.01,42.38,6.43
0.5,0.35,12,0.48,0.3,86.45,47.13,6.92
0.5,0.35,12,0.48,0.35,85.74,46.11,6.82
0.5,0.35,12,0.48,0.4,85.09,45.14,6.72
0.5,0.35,14,0.24,0.3,72.56,28.53,4.97
0.5,0.35,14,0.24,0.35,72.11,27.74,4.89
0.5,0.35,14,0.24,0.4,71.97,27.47,4.86
0.5,0.35,14,0.28,0.3,74.94,31.80,5.31
0.5,0.35,14,0.28,0.35,74.42,30.95,5.23
0.5,0.35,14,0.28,0.4,74.03,30.29,5.16
0.5,0.35,14,0.32,0.3,77.18,34.83,5.63
0.5,0.35,14,0.32,0.35,76.61,33.94,5.54
0.5,0.35,14,0.32,0.4,76.11,33.11,5.45
0.5,0.35,14,0.36,0.3,79.33,37.70,5.93
0.5,0.35,14,0.36,0.35,78.73,36.78,5.84
0.5,0.35,14,0.36,0.4,78.18,35.91,5.75
0.5,0.35,14,0.4,0.3,81.48,40.56,6.23
0.5,0.35,14,0.4,0.35,80.84,39.60,6.13
0.5,0.35,14,0.4,0.4,80.26,38.70,6.04
0.5,0.35,14,0.44,0.3,83.62,43.40,6.53
0.5,0.35,14,0.44,0.35,82.95,42.41,6.43
0.5,0.35,14,0.44,0.4,82.33,41.48,6.33
0.5,0.35,14,0.48,0.3,85.75,46.21,6.83
0.5,0.35,14,0.48,0.35,85.05,45.20,6.72
0.5,0.35,14,0.48,0.4,84.40,44.24,6.62
0.5,0.35,16,0.24,0.3,72.03,27.82,4.90
0.5,0.35,16,0.24,0.35,71.59,27.04,4.82
0.5,0.35,16,0.24,0.4,71.46,26.78,4.79
0.5,0.35,16,0.28,0.3,74.39,31.07,5.24
0.5,0.35,16,0.28,0.35,73.88,30.24,5.15
0.5,0.35,16,0.28,0.4,73.51,29.58,5.08
0.5,0.35,16,0.32,0.3,76.63,34.10,5.55
0.5,0.35,16,0.32,0.35,76.07,33.21,5.46
0.5,0.35,16,0.32,0.4,75.57,32.39,5.38
0.5,0.35,16,0.36,0.3,78.78,36.97,5.86
0.5,0.35,16,0.36,0.35,78.18,36.05,5.76
0.5,0.35,16,0.36,0.4,77.65,35.19,5.67
0.5,0.35,16,0.4,0.3,80.92,39.82,6.16
0.5,0.35,16,0.4,0.35,80.29,38.87,6.06
0.5,0.35,16,0.4,0.4,79.72,37.98,5.96
0.5,0.35,16,0.44,0.3,83.06,42.66,6.45
0.5,0.35,16,0.44,0.35,82.39,41.68,6.35
0.5,0.35,16,0.44,0.4,81.79,40.75,6.25
0.5,0.35,16,0.48,0.3,85.19,45.47,6.75
0.5,0.35,16,0.48,0.35,84.49,44.46,6.64
0.5,0.35,16,0.48,0.4,83.85,43.51,6.54
0.5,0.4,6,0.24,0.3,77.39,34.89,5.64
0.5,0.4,6,0.24,0.35,76.81,33.93,5.54
0.5,0.4,6,0.24,0.4,76.63,33.61,5.51
0.5,0.4,6,0.28,0.3,80.16,38.68,6.04
0.5,0.4,6,0.28,0.35,79.51,37.66,5.93
0.5,0.4,6,0.28,0.4,79.02,36.86,5.85
0.5,0.4,6,0.32,0.3,82.75,42.16,6.40
0.5,0.4,6,0.32,0.35,82.05,41.09,6.29
0.5,0.4,6,0.32,0.4,81.42,40.09,6.19
0.5,0.4,6,0.36,0.3,85.23,45.44,6.75
0.5,0.4,6,0.36,0.35,84.48,44.33,6.63
0.5,0.4,6,0.36,0.4,83.80,43.30,6.52
0.5,0.4,6,0.4,0.3,87.68,48.68,7.09
0.5,0.4,6,0.4,0.35,86.90,47.54,6.97
0.5,0.4,6,0.4,0.4,86.18,46.48,6.86
0.5,0.4,6,0.44,0.3,90.12,51.90,7.42
0.5,0.4,6,0.44,0.35,89.30,50.73,7.30
0.5,0.4,6,0.44,0.4,88.55,49.63,7.19
0.5,0.4,6,0.48,0.3,92.54,55.08,7.76
0.5,0.4,6,0.48,0.35,91.69,53.88,7.63
0.5,0.4,6,0.48,0.4,90.91,52.75,7.51
0.5,0.4,8,0.24,0.3,76.00,33.03,5.44
0.5,0.4,8,0.24,0.35,75.45,32.10,5.35
0.5,0.4,8,0.24,0.4,75.27,31.78,5.32
0.5,0.4,8,0.28,0.3,78.75,36.80,5.84
0.5,0.4,8,0.28,0.35,78.12,35.80,5.74
0.5,0.4,8,0.28,0.4,77.65,35.02,5.65
0.5,0.4,8,0.32,0.3,81.32,40.26,6.20
0.5,0.4,8,0.32,0.35,80.64,39.21,6.09
0.5,0.4,8,0.32,0.4,80.03,38.24,5.99
0.5,0.4,8,0.36,0.3,83.78,43.54,6.55
0.5,0.4,8,0.36,0.35,83.05,42.45,6.43
0.5,0.4,8,0.36,0.4,82.40,41.43,6.33
0.5,0.4,8,0.4,0.3,86.23,46.78,6.89
0.5,0.4,8,0.4,0.35,85.47,45.66,6.77
0.5,0.4,8,0.4,0.4,84.77,44.61,6.66
0.5,0.4,8,0.44,0.3,88.66,49.99,7.22
0.5,0.4,8,0.44,0.35,87.86,48.84,7.10
0.5,0.4,8,0.44,0.4,87.13,47.75,6.99
0.5,0.4,8,0.48,0.3,91.08,53.17,7.56
0.5,0.4,8,0.48,0.35,90.25,51.99,7.43
0.5,0.4,8,0.48,0.4,89.48,50.87,7.32
0.5,0.4,10,0.24,0.3,74.99,31.68,5.30
0.5,0.4,10,0.24,0.35,74.46,30.76,5.21
0.5,0.4,10,0.24,0.4,74.29,30.45,5.18
0.5,0.4,10,0.28,0.3,77.71,35.42,5.69
0.5,0.4,10,0.28,0.35,77.11,34.44,5.59
0.5,0.4,10,0.28,0.4,76.65,33.67,5.51
0.5,0.4,10,0.32,0.3,80.27,38.88,6.06
0.5,0.4,10,0.32,0.35,79.61,37.84,5.95
0.5,0.4,10,0.32,0.4,79.02,36.88,5.85
0.5,0.4,10,0.36,0.3,82.73,42.15,6.40
0.5,0.4,10,0.36,0.35,82.02,41.07,6.29
0.5,0.4,10,0.36,0.4,81.38,40.07,6.18
0.5,0.4,10,0.4,0.3,85.17,45.39,6.74
0.5,0.4,10,0.4,0.35,84.42,44.28,6.62
0.5,0.4,10,0.4,0.4,83.74,43.24,6.52
0.5,0.4,10,0.44,0.3,87.60,48.60,7.08
0.5,0.4,10,0.44,0.35,86.81,47.45,6.96
0.5,0.4,10,0.44,0.4,86.09,46.38,6.85
0.5,0.4,10,0.48,0.3,90.01,51.78,7.41
0.5,0.4,10,0.48,0.35,89.19,50.60,7.29
0.5,0.4,10,0.48,0.4,88.44,49.49,7.17
0.5,0.4,12,0.24,0.3,74.22,30.65,5.19
0.5,0.4,12,0.24,0.35,73.70,29.75,5.10
0.5,0.4,12,0.24,0.4,73.55,29.44,5.07
0.5,0.4,12,0.28,0.3,76.93,34.37,5.58
0.5,0.4,12,0.28,0.35,76.33,33.41,5.48
0.5,0.4,12,0.28,0.4,75.89,32.65,5.41
0.5,0.4,12,0.32,0.3,79.48,37.82,5.95
0.5,0.4,12,0.32,0.35,78.83,36.80,5.84
0.5,0.4,12,0.32,0.4,78.25,35.85,5.74
0.5,0.4,12,0.36,0.3,81.93,41.09,6.29
0.5,0.4,12,0.36,0.35,81.23,40.02,6.18
0.5,0.4,12,0.36,0.4,80.60,39.03,6.07
0.5,0.4,12,0.4,0.3,84.36,44.32,6.63
0.5,0.4,12,0.4,0.35,83.62,43.22,6.51
0.5,0.4,12,0.4,0.4,82.95,42.19,6.41
0.5,0.4,12,0.44,0.3,86.79,47.53,6.97
0.5,0.4,12,0.44,0.35,86.01,46.40,6.85
0.5,0.4,12,0.44,0.4,85.30,45.33,6.74
0.5,0.4,12,0.48,0.3,89.20,50.71,7.30
0.5,0.4,12,0.48,0.35,88.38,49.54,7.18
0.5,0.4,12,0.48,0.4,87.64,48.44,7.06
0.5,0.4,14,0.24,0.3,73.62,29.84,5.11
0.5,0.4,14,0.24,0.35,73.11,28.95,5.02
0.5,0.4,14,0.24,0.4,72.96,28.65,4.99
0.5,0.4,14,0.28,0.3,76.31,33.55,5.50
0.5,0.4,14,0.28,0.35,75.73,32.59,5.40
0.5,0.4,14,0.28,0.4,75.29,31.84,5.32
0.5,0.4,14,0.32,0.3,78.85,36.98,5.86
0.5,0.4,14,0.32,0.35,78.21,35.97,5.75
0.5,0.4,14,0.32,0.4,77.64,35.03,5.66
0.5,0.4,14,0.36,0.3,81.29,40.25,6.20
0.5,0.4,14,0.36,0.35,80.60,39.19,6.09
0.5,0.4,14,0.36,0.4,79.99,38.21,5.99
0.5,0.4,14,0.4,0.3,83.73,43.48,6.54
0.5,0.4,14,0.4,0.35,82.99,42.39,6.43
0.5,0.4,14,0.4,0.4,82.33,41.37,6.32
0.5,0.4,14,0.44,0.3,86.15,46.69,6.88
0.5,0.4,14,0.44,0.35,85.38,45.56,6.76
0.5,0.4,14,0.44,0.4,84.68,44.50,6.65
0.5,0.4,14,0.48,0.3,88.56,49.87,7.21
0.5,0.4,14,0.48,0.35,87.75,48.70,7.09
0.5,0.4,14,0.48,0.4,87.01,47.62,6.98
0.5,0.4,16,0.24,0.3,73.12,29.18,5.04
0.5,0.4,16,0.24,0.35,72.64,28.31,4.95
0.5,0.4,16,0.24,0.4,72.49,28.01,4.92
0.5,0.4,16,0.28,0.3,75.81,32.88,5.43
0.5,0.4,16,0.28,0.35,75.23,31.93,5.33
0.5,0.4,16,0.28,0.4,74.81,31.19,5.25
0.5,0.4,16,0.32,0.3,78.34,36.31,5.79
0.5,0.4,16,0.32,0.35,77.71,35.31,5.68
0.5,0.4,16,0.32,0.4,77.15,34.38,5.59
0.5,0.4,16,0.36,0.3,80.78,39.57,6.13
0.5,0.4,16,0.36,0.35,80.10,38.52,6.02
0.5,0.4,16,0.36,0.4,79.49,37.55,5.92
0.5,0.4,16,0.4,0.3,83.21,42.80,6.47
0.5,0.4,16,0.4,0.35,82.48,41.71,6.36
0.5,0.4,16,0.4,0.4,81.83,40.70,6.25
0.5,0.4,16,0.44,0.3,85.63,46.01,6.81
0.5,0.4,16,0.44,0.35,84.86,44.89,6.69
0.5,0.4,16,0.44,0.4,84.17,43.83,6.58
0.5,0.4,16,0.48,0.3,88.04,49.18,7.14
0.5,0.4,16,0.48,0.35,87.23,48.03,7.02
0.5,0.4,16,0.48,0.4,86.50,46.94,6.90
0.5,0.45,6,0.24,0.3,78.11,35.76,5.73
0.5,0.45,6,0.24,0.35,77.48,34.70,5.62
0.5,0.45,6,0.24,0.4,77.29,34.35,5.59
0.5,0.45,6,0.28,0.3,81.19,39.98,6.17
0.5,0.45,6,0.28,0.35,80.48,38.85,6.06
0.5,0.45,6,0.28,0.4,79.95,37.97,5.97
0.5,0.45,6,0.32,0.3,84.08,43.85,6.58
0.5,0.45,6,0.32,0.35,83.30,42.66,6.46
0.5,0.45,6,0.32,0.4,82.61,41.56,6.34
0.5,0.45,6,0.36,0.3,86.83,47.51,6.96
0.5,0.45,6,0.36,0.35,86.00,46.28,6.84
0.5,0.45,6,0.36,0.4,85.26,45.13,6.72
0.5,0.45,6,0.4,0.3,89.57,51.12,7.34
0.5,0.45,6,0.4,0.35,88.69,49.85,7.21
0.5,0.45,6,0.4,0.4,87.91,48.67,7.09
0.5,0.45,6,0.44,0.3,92.28,54.70,7.72
0.5,0.45,6,0.44,0.35,91.37,53.39,7.58
0.5,0.45,6,0.44,0.4,90.54,52.17,7.45
0.5,0.45,6,0.48,0.3,94.97,58.24,8.09
0.5,0.45,6,0.48,0.35,94.02,56.89,7.95
0.5,0.45,6,0.48,0.4,93.15,55.63,7.82
0.5,0.45,8,0.24,0.3,76.84,34.06,5.55
0.5,0.45,8,0.24,0.35,76.24,33.03,5.45
0.5,0.45,8,0.24,0.4,76.06,32.68,5.41
0.5,0.45,8,0.28,0.3,79.90,38.26,5.99
0.5,0.45,8,0.28,0.35,79.21,37.15,5.88
0.5,0.45,8,0.28,0.4,78.70,36.29,5.79
0.5,0.45,8,0.32,0.3,82.77,42.12,6.40
0.5,0.45,8,0.32,0.35,82.01,40.95,6.28
0.5,0.45,8,0.32,0.4,81.34,39.87,6.16
0.5,0.45,8,0.36,0.3,85.51,45.77,6.78
0.5,0.45,8,0.36,0.35,84.70,44.56,6.65
0.5,0.45,8,0.36,0.4,83.98,43.43,6.54
0.5,0.45,8,0.4,0.3,88.24,49.38,7.16
0.5,0.45,8,0.4,0.35,87.39,48.13,7.03
0.5,0.45,8,0.4,0.4,86.62,46.96,6.91
0.5,0.45,8,0.44,0.3,90.95,52.96,7.54
0.5,0.45,8,0.44,0.35,90.05,51.66,7.40
0.5,0.45,8,0.44,0.4,89.24,50.45,7.27
0.5,0.45,8,0.48,0.3,93.64,56.49,7.91
0.5,0.45,8,0.48,0.35,92.70,55.16,7.77
0.5,0.45,8,0.48,0.4,91.85,53.91,7.64
0.5,0.45,10,0.24,0.3,75.92,32.82,5.42
0.5,0.45,10,0.24,0.35,75.34,31.81,5.32
0.5,0.45,10,0.24,0.4,75.17,31.47,5.28
0.5,0.45,10,0.28,0.3,78.95,37.00,5.86
0.5,0.45,10,0.28,0.35,78.28,35.91,5.75
0.5,0.45,10,0.28,0.4,77.79,35.06,5.66
0.5,0.45,10,0.32,0.3,81.81,40.85,6.27
0.5,0.45,10,0.32,0.35,81.07,39.70,6.15
0.5,0.45,10,0.32,0.4,80.42,38.63,6.03
0.5,0.45,10,0.36,0.3,84.55,44.50,6.65
0.5,0.45,10,0.36,0.35,83.75,43.30,6.52
0.5,0.45,10,0.36,0.4,83.05,42.18,6.41
0.5,0.45,10,0.4,0.3,87.27,48.11,7.03
0.5,0.45,10,0.4,0.35,86.43,46.87,6.90
0.5,0.45,10,0.4,0.4,85.68,45.71,6.78
0.5,0.45,10,0.44,0.3,89.98,51.69,7.40
0.5,0.45,10,0.44,0.35,89.09,50.40,7.27
0.5,0.45,10,0.44,0.4,88.29,49.20,7.14
0.5,0.45,10,0.48,0.3,92.67,55.22,7.77
0.5,0.45,10,0.48,0.35,91.74,53.90,7.63
0.5,0.45,10,0.48,0.4,90.90,52.66,7.51
0.5,0.45,12,0.24,0.3,75.22,31.88,5.32
0.5,0.45,12,0.24,0.35,74.66,30.88,5.22
0.5,0.45,12,0.24,0.4,74.49,30.55,5.19
0.5,0.45,12,0.28,0.3,78.23,36.04,5.76
0.5,0.45,12,0.28,0.35,77.58,34.97,5.65
0.5,0.45,12,0.28,0.4,77.10,34.12,5.56
0.5,0.45,12,0.32,0.3,81.08,39.89,6.16
0.5,0.45,12,0.32,0.35,80.36,38.74,6.04
0.5,0.45,12,0.32,0.4,79.72,37.69,5.94
0.5,0.45,12,0.36,0.3,83.81,43.53,6.55
0.5,0.45,12,0.36,0.35,83.03,42.34,6.42
0.5,0.45,12,0.36,0.4,82.34,41.23,6.31
0.5,0.45,12,0.4,0.3,86.54,47.14,6.92
0.5,0.45,12,0.4,0.35,85.70,45.90,6.80
0.5,0.45,12,0.4,0.4,84.96,44.75,6.68
0.5,0.45,12,0.44,0.3,89.24,50.71,7.30
0.5,0.45,12,0.44,0.35,88.36,49.43,7.17
0.5,0.45,12,0.44,0.4,87.57,48.25,7.04
0.5,0.45,12,0.48,0.3,91.92,54.24,7.67
0.5,0.45,12,0.48,0.35,91.00,52.93,7.53
0.5,0.45,12,0.48,0.4,90.17,51.70,7.40
0.5,0.45,14,0.24,0.3,74.67,31.14,5.25
0.5,0.45,14,0.24,0.35,74.12,30.15,5.14
0.5,0.45,14,0.24,0.4,73.95,29.82,5.11
0.5,0.45,14,0.28,0.3,77.67,35.29,5.68
0.5,0.45,14,0.28,0.35,77.03,34.22,5.57
0.5,0.45,14,0.28,0.4,76.55,33.39,5.48
0.5,0.45,14,0.32,0.3,80.51,39.12,6.08
0.5,0.45,14,0.32,0.35,79.79,37.99,5.97
0.5,0.45,14,0.32,0.4,79.17,36.95,5.86
0.5,0.45,14,0.36,0.3,83.24,42.77,6.47
0.5,0.45,14,0.36,0.35,82.46,41.58,6.34
0.5,0.45,14,0.36,0.4,81.78,40.48,6.23
0.5,0.45,14,0.4,0.3,85.95,46.37,6.84
0.5,0.45,14,0.4,0.35,85.12,45.14,6.72
0.5,0.45,14,0.4,0.4,84.39,44.00,6.60
0.5,0.45,14,0.44,0.3,88.65,49.94,7.22
0.5,0.45,14,0.44,0.35,87.78,48.67,7.09
0.5,0.45,14,0.44,0.4,87.00,47.49,6.96
0.5,0.45,14,0.48,0.3,91.34,53.47,7.59
0.5,0.45,14,0.48,0.35,90.42,52.17,7.45
0.5,0.45,14,0.48,0.4,89.59,50.95,7.33
0.5,0.45,16,0.24,0.3,74.22,30.54,5.18
0.5,0.45,16,0.24,0.35,73.69,29.56,5.08
0.5,0.45,16,0.24,0.4,73.53,29.24,5.05
0.5,0.45,16,0.28,0.3,77.21,34.68,5.62
0.5,0.45,16,0.28,0.35,76.58,33.62,5.51
0.5,0.45,16,0.28,0.4,76.11,32.79,5.42
0.5,0.45,16,0.32,0.3,80.04,38.51,6.02
0.5,0.45,16,0.32,0.35,79.33,37.38,5.90
0.5,0.45,16,0.32,0.4,78.72,36.35,5.79
0.5,0.45,16,0.36,0.3,82.77,42.14,6.40
0.5,0.45,16,0.36,0.35,82.00,40.97,6.28
0.5,0.45,16,0.36,0.4,81.33,39.88,6.16
0.5,0.45,16,0.4,0.3,85.48,45.75,6.78
0.5,0.45,16,0.4,0.35,84.66,44.53,6.65
0.5,0.45,16,0.4,0.4,83.93,43.39,6.53
0.5,0.45,16,0.44,0.3,88.18,49.32,7.15
0.5,0.45,16,0.44,0.35,87.31,48.06,7.02
0.5,0.45,16,0.44,0.4,86.54,46.88,6.90
0.5,0.45,16,0.48,0.3,90.86,52.85,7.52
0.5,0.45,16,0.48,0.35,89.95,51.55,7.39
0.5,0.45,16,0.48,0.4,89.13,50.33,7.26
0.5,0.5,6,0.24,0.3,78.83,36.62,5.82
0.5,0.5,6,0.24,0.35,78.16,35.47,5.70
0.5,0.5,6,0.24,0.4,77.96,35.09,5.66
0.5,0.5,6,0.28,0.3,82.21,41.26,6.31
0.5,0.5,6,0.28,0.35,81.44,40.03,6.18
0.5,0.5,6,0.28,0.4,80.88,39.07,6.08
0.5,0.5,6,0.32,0.3,85.39,45.53,6.76
0.5,0.5,6,0.32,0.35,84.54,44.23,6.62
0.5,0.5,6,0.32,0.4,83.80,43.03,6.50
0.5,0.5,6,0.36,0.3,88.43,49.56,7.18
0.5,0.5,6,0.36,0.35,87.52,48.20,7.04
0.5,0.5,6,0.36,0.4,86.71,46.95,6.91
0.5,0.5,6,0.4,0.3,91.43,53.54,7.60
0.5,0.5,6,0.4,0.35,90.47,52.13,7.45
0.5,0.5,6,0.4,0.4,89.62,50.83,7.32
0.5,0.5,6,0.44,0.3,94.42,57.47,8.01
0.5,0.5,6,0.44,0.35,93.41,56.02,7.86
0.5,0.5,6,0.44,0.4,92.50,54.68,7.72
0.5,0.5,6,0.48,0.3,97.38,61.35,8.42
0.5,0.5,6,0.48,0.35,96.33,59.87,8.26
0.5,0.5,6,0.48,0.4,95.37,58.48,8.12
0.5,0.5,8,0.24,0.3,77.68,35.08,5.66
0.5,0.5,8,0.24,0.35,77.04,33.95,5.54
0.5,0.5,8,0.24,0.4,76.85,33.58,5.51
0.5,0.5,8,0.28,0.3,81.04,39.71,6.15
0.5,0.5,8,0.28,0.35,80.30,38.49,6.02
0.5,0.5,8,0.28,0.4,79.75,37.55,5.92
0.5,0.5,8,0.32,0.3,84.20,43.97,6.59
0.5,0.5,8,0.32,0.35,83.38,42.68,6.46
0.5,0.5,8,0.32,0.4,82.66,41.49,6.34
0.5,0.5,8,0.36,0.3,87.23,47.98,7.01
0.5,0.5,8,0.36,0.35,86.34,46.65,6.87
0.5,0.5,8,0.36,0.4,85.56,45.41,6.75
0.5,0.5,8,0.4,0.3,90.23,51.96,7.43
0.5,0.5,8,0.4,0.35,89.29,50.57,7.29
0.5,0.5,8,0.4,0.4,88.45,49.29,7.15
0.5,0.5,8,0.44,0.3,93.22,55.89,7.84
0.5,0.5,8,0.44,0.35,92.22,54.46,7.69
0.5,0.5,8,0.44,0.4,91.33,53.13,7.56
0.5,0.5,8,0.48,0.3,96.17,59.78,8.25
0.5,0.5,8,0.48,0.35,95.13,58.30,8.10
0.5,0.5,8,0.48,0.4,94.19,56.93,7.95
0.5,0.5,10,0.24,0.3,76.85,33.96,5.54
0.5,0.5,10,0.24,0.35,76.23,32.85,5.43
0.5,0.5,10,0.24,0.4,76.04,32.48,5.39
0.5,0.5,10,0.28,0.3,80.18,38.57,6.03
0.5,0.5,10,0.28,0.35,79.46,37.37,5.90
0.5,0.5,10,0.28,0.4,78.93,36.44,5.81
0.5,0.5,10,0.32,0.3,83.34,42.82,6.47
0.5,0.5,10,0.32,0.35,82.53,41.54,6.34
0.5,0.5,10,0.32,0.4,81.82,40.37,6.22
0.5,0.5,10,0.36,0.3,86.36,46.83,6.89
0.5,0.5,10,0.36,0.35,85.48,45.51,6.75
0.5,0.5,10,0.36,0.4,84.71,44.28,6.63
0.5,0.5,10,0.4,0.3,89.36,50.81,7.31
0.5,0.5,10,0.4,0.35,88.42,49.43,7.17
0.5,0.5,10,0.4,0.4,87.60,48.16,7.03
0.5,0.5,10,0.44,0.3,92.34,54.74,7.72
0.5,0.5,10,0.44,0.35,91.35,53.31,7.57
0.5,0.5,10,0.44,0.4,90.47,51.99,7.44
0.5,0.5,10,0.48,0.3,95.29,58.62,8.13
0.5,0.5,10,0.48,0.35,94.26,57.16,7.98
0.5,0.5,10,0.48,0.4,93.33,55.79,7.83
0.5,0.5,12,0.24,0.3,76.22,33.11,5.45
0.5,0.5,12,0.24,0.35,75.61,32.01,5.34
0.5,0.5,12,0.24,0.4,75.43,31.65,5.30
0.5,0.5,12,0.28,0.3,79.53,37.70,5.93
0.5,0.5,12,0.28,0.35,78.82,36.51,5.81
0.5,0.5,12,0.28,0.4,78.30,35.59,5.72
0.5,0.5,12,0.32,0.3,82.68,41.94,6.38
0.5,0.5,12,0.32,0.35,81.88,40.68,6.25
0.5,0.5,12,0.32,0.4,81.19,39.52,6.13
0.5,0.5,12,0.36,0.3,85.69,45.95,6.80
0.5,0.5,12,0.36,0.35,84.82,44.64,6.66
0.5,0.5,12,0.36,0.4,84.07,43.42,6.54
0.5,0.5,12,0.4,0.3,88.69,49.93,7.22
0.5,0.5,12,0.4,0.35,87.76,48.56,7.07
0.5,0.5,12,0.4,0.4,86.95,47.29,6.94
0.5,0.5,12,0.44,0.3,91.66,53.86,7.63
0.5,0.5,12,0.44,0.35,90.69,52.44,7.48
0.5,0.5,12,0.44,0.4,89.82,51.13,7.35
0.5,0.5,12,0.48,0.3,94.62,57.74,8.04
0.5,0.5,12,0.48,0.35,93.59,56.28,7.88
0.5,0.5,12,0.48,0.4,92.67,54.92,7.74
0.5,0.5,14,0.24,0.3,75.71,32.44,5.38
0.5,0.5,14,0.24,0.35,75.12,31.35,5.27
0.5,0.5,14,0.24,0.4,74.95,30.99,5.24
0.5,0.5,14,0.28,0.3,79.02,37.01,5.86
0.5,0.5,14,0.28,0.35,78.32,35.84,5.74
0.5,0.5,14,0.28,0.4,77.81,34.92,5.65
0.5,0.5,14,0.32,0.3,82.15,41.25,6.31
0.5,0.5,14,0.32,0.35,81.36,40.00,6.18
0.5,0.5,14,0.32,0.4,80.69,38.85,6.06
0.5,0.5,14,0.36,0.3,85.16,45.26,6.73
0.5,0.5,14,0.36,0.35,84.31,43.95,6.59
0.5,0.5,14,0.36,0.4,83.56,42.74,6.47
0.5,0.5,14,0.4,0.3,88.16,49.23,7.14
0.5,0.5,14,0.4,0.35,87.24,47.87,7.00
0.5,0.5,14,0.4,0.4,86.44,46.61,6.87
0.5,0.5,14,0.44,0.3,91.13,53.16,7.56
0.5,0.5,14,0.44,0.35,90.16,51.75,7.41
0.5,0.5,14,0.44,0.4,89.30,50.45,7.27
0.5,0.5,14,0.48,0.3,94.08,57.04,7.96
0.5,0.5,14,0.48,0.35,93.07,55.59,7.81
0.5,0.5,14,0.48,0.4,92.15,54.24,7.67
0.5,0.5,16,0.24,0.3,75.31,31.89,5.33
0.5,0.5,16,0.24,0.35,74.73,30.82,5.22
0.5,0.5,16,0.24,0.4,74.56,30.46,5.18
0.5,0.5,16,0.28,0.3,78.61,36.46,5.80
0.5,0.5,16,0.28,0.35,77.92,35.29,5.68
0.5,0.5,16,0.28,0.4,77.41,34.38,5.59
0.5,0.5,16,0.32,0.3,81.73,40.69,6.25
0.5,0.5,16,0.32,0.35,80.95,39.44,6.12
0.5,0.5,16,0.32,0.4,80.28,38.30,6.00
0.5,0.5,16,0.36,0.3,84.74,44.70,6.67
0.5,0.5,16,0.36,0.35,83.89,43.39,6.53
0.5,0.5,16,0.36,0.4,83.15,42.19,6.41
0.5,0.5,16,0.4,0.3,87.73,48.67,7.09
0.5,0.5,16,0.4,0.35,86.82,47.31,6.94
0.5,0.5,16,0.4,0.4,86.02,46.06,6.81
0.5,0.5,16,0.44,0.3,90.70,52.60,7.50
0.5,0.5,16,0.44,0.35,89.74,51.19,7.35
0.5,0.5,16,0.44,0.4,88.88,49.89,7.22
0.5,0.5,16,0.48,0.3,93.65,56.48,7.90
0.5,0.5,16,0.48,0.35,92.64,55.03,7.75
0.5,0.5,16,0.48,0.4,91.73,53.68,7.61
0.5,0.55,6,0.24,0.3,79.55,37.47,5.91
0.5,0.55,6,0.24,0.35,78.85,36.23,5.79
0.5,0.55,6,0.24,0.4,78.64,35.83,5.74
0.5,0.55,6,0.28,0.3,83.23,42.54,6.44
0.5,0.55,6,0.28,0.35,82.41,41.21,6.31
0.5,0.55,6,0.28,0.4,81.81,40.17,6.20
0.5,0.55,6,0.32,0.3,86.70,47.20,6.93
0.5,0.55,6,0.32,0.35,85.78,45.78,6.79
0.5,0.55,6,0.32,0.4,84.99,44.48,6.65
0.5,0.55,6,0.36,0.3,90.00,51.59,7.39
0.5,0.55,6,0.36,0.35,89.02,50.11,7.24
0.5,0.55,6,0.36,0.4,88.16,48.75,7.10
0.5,0.55,6,0.4,0.3,93.29,55.93,7.85
0.5,0.55,6,0.4,0.35,92.24,54.39,7.69
0.5,0.55,6,0.4,0.4,91.31,52.98,7.54
0.5,0.55,6,0.44,0.3,96.54,60.21,8.30
0.5,0.55,6,0.44,0.35,95.44,58.63,8.13
0.5,0.55,6,0.44,0.4,94.45,57.16,7.98
0.5,0.55,6,0.48,0.3,99.75,64.43,8.74
0.5,0.55,6,0.48,0.35,98.60,62.81,8.57
0.5,0.55,6,0.48,0.4,97.57,61.29,8.41
0.5,0.55,8,0.24,0.3,78.52,36.10,5.77
0.5,0.55,8,0.24,0.35,77.85,34.88,5.64
0.5,0.55,8,0.24,0.4,77.65,34.48,5.60
0.5,0.55,8,0.28,0.3,82.18,41.14,6.30
0.5,0.55,8,0.28,0.35,81.38,39.83,6.16
0.5,0.55,8,0.28,0.4,80.80,38.81,6.06
0.5,0.55,8,0.32,0.3,85.63,45.79,6.78
0.5,0.55,8,0.32,0.35,84.74,44.39,6.64
0.5,0.55,8,0.32,0.4,83.96,43.11,6.51
0.5,0.55,8,0.36,0.3,88.93,50.18,7.24
0.5,0.55,8,0.36,0.35,87.96,48.72,7.09
0.5,0.55,8,0.36,0.4,87.12,47.37,6.95
0.5,0.55,8,0.4,0.3,92.21,54.51,7.70
0.5,0.55,8,0.4,0.35,91.17,52.99,7.54
0.5,0.55,8,0.4,0.4,90.27,51.60,7.40
0.5,0.55,8,0.44,0.3,95.46,58.79,8.15
0.5,0.55,8,0.44,0.35,94.37,57.22,7.98
0.5,0.55,8,0.44,0.4,93.40,55.77,7.83
0.5,0.55,8,0.48,0.3,98.67,63.02,8.59
0.5,0.55,8,0.48,0.35,97.53,61.40,8.42
0.5,0.55,8,0.48,0.4,96.51,59.90,8.27
0.5,0.55,10,0.24,0.3,77.78,35.09,5.66
0.5,0.55,10,0.24,0.35,77.12,33.89,5.54
0.5,0.55,10,0.24,0.4,76.92,33.49,5.50
0.5,0.55,10,0.28,0.3,81.41,40.12,6.19
0.5,0.55,10,0.28,0.35,80.63,38.82,6.06
0.5,0.55,10,0.28,0.4,80.07,37.81,5.95
0.5,0.55,10,0.32,0.3,84.85,44.76,6.68
0.5,0.55,10,0.32,0.35,83.97,43.37,6.53
0.5,0.55,10,0.32,0.4,83.22,42.10,6.40
0.5,0.55,10,0.36,0.3,88.15,49.14,7.14
0.5,0.55,10,0.36,0.35,87.19,47.70,6.99
0.5,0.55,10,0.36,0.4,86.36,46.36,6.85
0.5,0.55,10,0.4,0.3,91.42,53.48,7.59
0.5,0.55,10,0.4,0.35,90.40,51.97,7.43
0.5,0.55,10,0.4,0.4,89.50,50.58,7.29
0.5,0.55,10,0.44,0.3,94.67,57.76,8.04
0.5,0.55,10,0.44,0.35,93.59,56.20,7.88
0.5,0.55,10,0.44,0.4,92.63,54.76,7.73
0.5,0.55,10,0.48,0.3,97.88,61.98,8.48
0.5,0.55,10,0.48,0.35,96.75,60.38,8.32
0.5,0.55,10,0.48,0.4,95.74,58.89,8.16
0.5,0.55,12,0.24,0.3,77.21,34.33,5.58
0.5,0.55,12,0.24,0.35,76.56,33.14,5.46
0.5,0.55,12,0.24,0.4,76.37,32.75,5.42
0.5,0.55,12,0.28,0.3,80.83,39.34,6.11
0.5,0.55,12,0.28,0.35,80.06,38.05,5.97
0.5,0.55,12,0.28,0.4,79.50,37.05,5.87
0.5,0.55,12,0.32,0.3,84.26,43.98,6.59
0.5,0.55,12,0.32,0.35,83.39,42.60,6.45
0.5,0.55,12,0.32,0.4,82.65,41.34,6.32
0.5,0.55,12,0.36,0.3,87.55,48.35,7.05
0.5,0.55,12,0.36,0.35,86.60,46.91,6.90
0.5,0.55,12,0.36,0.4,85.79,45.59,6.77
0.5,0.55,12,0.4,0.3,90.82,52.69,7.51
0.5,0.55,12,0.4,0.35,89.80,51.19,7.35
0.5,0.55,12,0.4,0.4,88.92,49.81,7.21
0.5,0.55,12,0.44,0.3,94.06,56.97,7.96
0.5,0.55,12,0.44,0.35,92.99,55.41,7.79
0.5,0.55,12,0.44,0.4,92.04,53.98,7.65
0.5,0.55,12,0.48,0.3,97.28,61.19,8.40
0.5,0.55,12,0.48,0.35,96.15,59.59,8.23
0.5,0.55,12,0.48,0.4,95.15,58.11,8.08
0.5,0.55,14,0.24,0.3,76.76,33.72,5.52
0.5,0.55,14,0.24,0.35,76.13,32.54,5.40
0.5,0.55,14,0.24,0.4,75.94,32.16,5.36
0.5,0.55,14,0.28,0.3,80.37,38.73,6.04
0.5,0.55,14,0.28,0.35,79.61,37.45,5.91
0.5,0.55,14,0.28,0.4,79.06,36.45,5.81
0.5,0.55,14,0.32,0.3,83.79,43.35,6.53
0.5,0.55,14,0.32,0.35,82.93,41.98,6.39
0.5,0.55,14,0.32,0.4,82.20,40.73,6.26
0.5,0.55,14,0.36,0.3,87.08,47.73,6.99
0.5,0.55,14,0.36,0.35,86.14,46.30,6.84
0.5,0.55,14,0.36,0.4,85.33,44.98,6.70
0.5,0.55,14,0.4,0.3,90.34,52.06,7.44
0.5,0.55,14,0.4,0.35,89.34,50.57,7.29
0.5,0.55,14,0.4,0.4,88.46,49.20,7.14
0.5,0.55,14,0.44,0.3,93.59,56.34,7.89
0.5,0.55,14,0.44,0.35,92.52,54.79,7.73
0.5,0.55,14,0.44,0.4,91.58,53.37,7.58
0.5,0.55,14,0.48,0.3,96.80,60.57,8.33
0.5,0.55,14,0.48,0.35,95.68,58.97,8.17
0.5,0.55,14,0.48,0.4,94.68,57.49,8.01
0.5,0.55,16,0.24,0.3,76.40,33.24,5.47
0.5,0.55,16,0.24,0.35,75.78,32.07,5.35
0.5,0.55,16,0.24,0.4,75.60,31.68,5.31
0.5,0.55,16,0.28,0.3,79.99,38.23,5.99
0.5,0.55,16,0.28,0.35,79.24,36.96,5.86
0.5,0.55,16,0.28,0.4,78.70,35.97,5.76
0.5,0.55,16,0.32,0.3,83.41,42.85,6.48
0.5,0.55,16,0.32,0.35,82.56,41.49,6.33
0.5,0.55,16,0.32,0.4,81.84,40.24,6.21
0.5,0.55,16,0.36,0.3,86.69,47.23,6.93
0.5,0.55,16,0.36,0.35,85.76,45.80,6.79
0.5,0.55,16,0.36,0.4,84.96,44.49,6.65
0.5,0.55,16,0.4,0.3,89.96,51.56,7.39
0.5,0.55,16,0.4,0.35,88.96,50.07,7.23
0.5,0.55,16,0.4,0.4,88.09,48.70,7.09
0.5,0.55,16,0.44,0.3,93.20,55.83,7.84
0.5,0.55,16,0.44,0.35,92.14,54.29,7.68
0.5,0.55,16,0.44,0.4,91.21,52.87,7.53
0.5,0.55,16,0.48,0.3,96.41,60.06,8.28
0.5,0.55,16,0.48,0.35,95.30,58.47,8.11
0.5,0.55,16,0.48,0.4,94.31,57.00,7.96
0.5,0.6,6,0.24,0.3,80.27,38.33,6.00
0.5,0.6,6,0.24,0.35,79.53,37.00,5.87
0.5,0.6,6,0.24,0.4,79.32,36.57,5.82
0.5,0.6,6,0.28,0.3,84.24,43.81,6.58
0.5,0.6,6,0.28,0.35,83.37,42.38,6.43
0.5,0.6,6,0.28,0.4,82.74,41.26,6.31
0.5,0.6,6,0.32,0.3,87.99,48.85,7.11
0.5,0.6,6,0.32,0.35,87.01,47.33,6.95
0.5,0.6,6,0.32,0.4,86.17,45.93,6.80
0.5,0.6,6,0.36,0.3,91.57,53.60,7.60
0.5,0.6,6,0.36,0.35,90.51,52.00,7.44
0.5,0.6,6,0.36,0.4,89.59,50.54,7.29
0.5,0.6,6,0.4,0.3,95.12,58.29,8.10
0.5,0.6,6,0.4,0.35,93.99,56.63,7.92
0.5,0.6,6,0.4,0.4,93.00,55.11,7.77
0.5,0.6,6,0.44,0.3,98.63,62.92,8.58
0.5,0.6,6,0.44,0.35,97.44,61.20,8.40
0.5,0.6,6,0.44,0.4,96.39,59.62,8.24
0.5,0.6,6,0.48,0.3,102.10,67.47,9.06
0.5,0.6,6,0.48,0.35,100.86,65.71,8.88
0.5,0.6,6,0.48,0.4,99.75,64.08,8.71
0.5,0.6,8,0.24,0.3,79.36,37.11,5.88
0.5,0.6,8,0.24,0.35,78.65,35.80,5.74
0.5,0.6,8,0.24,0.4,78.44,35.38,5.70
0.5,0.6,8,0.28,0.3,83.31,42.57,6.45
0.5,0.6,8,0.28,0.35,82.46,41.15,6.30
0.5,0.6,8,0.28,0.4,81.85,40.06,6.19
0.5,0.6,8,0.32,0.3,87.05,47.61,6.98
0.5,0.6,8,0.32,0.35,86.09,46.09,6.82
0.5,0.6,8,0.32,0.4,85.27,44.71,6.68
0.5,0.6,8,0.36,0.3,90.62,52.35,7.47
0.5,0.6,8,0.36,0.35,89.57,50.77,7.31
0.5,0.6,8,0.36,0.4,88.67,49.32,7.16
0.5,0.6,8,0.4,0.3,94.17,57.04,7.96
0.5,0.6,8,0.4,0.35,93.05,55.39,7.79
0.5,0.6,8,0.4,0.4,92.07,53.88,7.64
0.5,0.6,8,0.44,0.3,97.68,61.66,8.45
0.5,0.6,8,0.44,0.35,96.49,59.96,8.27
0.5,0.6,8,0.44,0.4,95.46,58.39,8.11
0.5,0.6,8,0.48,0.3,101.15,66.22,8.93
0.5,0.6,8,0.48,0.35,99.91,64.47,8.74
0.5,0.6,8,0.48,0.4,98.81,62.85,8.58
0.5,0.6,10,0.24,0.3,78.70,36.22,5.78
0.5,0.6,10,0.24,0.35,78.01,34.92,5.65
0.5,0.6,10,0.24,0.4,77.81,34.50,5.61
0.5,0.6,10,0.28,0.3,82.63,41.67,6.35
0.5,0.6,10,0.28,0.35,81.80,40.26,6.21
0.5,0.6,10,0.28,0.4,81.20,39.17,6.10
0.5,0.6,10,0.32,0.3,86.36,46.69,6.88
0.5,0.6,10,0.32,0.35,85.41,45.19,6.72
0.5,0.6,10,0.32,0.4,84.60,43.82,6.58
0.5,0.6,10,0.36,0.3,89.92,51.43,7.38
0.5,0.6,10,0.36,0.35,88.89,49.86,7.21
0.5,0.6,10,0.36,0.4,88.00,48.42,7.06
0.5,0.6,10,0.4,0.3,93.47,56.12,7.87
0.5,0.6,10,0.4,0.35,92.36,54.48,7.70
0.5,0.6,10,0.4,0.4,91.40,52.99,7.54
0.5,0.6,10,0.44,0.3,96.98,60.75,8.35
0.5,0.6,10,0.44,0.35,95.80,59.05,8.18
0.5,0.6,10,0.44,0.4,94.77,57.49,8.01
0.5,0.6,10,0.48,0.3,100.45,65.31,8.83
0.5,0.6,10,0.48,0.35,99.22,63.56,8.65
0.5,0.6,10,0.48,0.4,98.13,61.95,8.48
0.5,0.6,12,0.24,0.3,78.20,35.54,5.71
0.5,0.6,12,0.24,0.35,77.52,34.26,5.58
0.5,0.6,12,0.24,0.4,77.32,33.84,5.54
0.5,0.6,12,0.28,0.3,82.11,40.97,6.28
0.5,0.6,12,0.28,0.35,81.29,39.58,6.14
0.5,0.6,12,0.28,0.4,80.70,38.50,6.02
0.5,0.6,12,0.32,0.3,85.83,46.00,6.81
0.5,0.6,12,0.32,0.35,84.89,44.50,6.65
0.5,0.6,12,0.32,0.4,84.10,43.14,6.51
0.5,0.6,12,0.36,0.3,89.39,50.73,7.30
0.5,0.6,12,0.36,0.35,88.37,49.17,7.14
0.5,0.6,12,0.36,0.4,87.49,47.74,6.99
0.5,0.6,12,0.4,0.3,92.93,55.42,7.79
0.5,0.6,12,0.4,0.35,91.83,53.79,7.62
0.5,0.6,12,0.4,0.4,90.88,52.30,7.47
0.5,0.6,12,0.44,0.3,96.44,60.04,8.28
0.5,0.6,12,0.44,0.35,95.28,58.36,8.10
0.5,0.6,12,0.44,0.4,94.25,56.81,7.94
0.5,0.6,12,0.48,0.3,99.91,64.60,8.76
0.5,0.6,12,0.48,0.35,98.69,62.87,8.58
0.5,0.6,12,0.48,0.4,97.60,61.26,8.41
0.5,0.6,14,0.24,0.3,77.80,35.01,5.66
0.5,0.6,14,0.24,0.35,77.13,33.73,5.52
0.5,0.6,14,0.24,0.4,76.94,33.32,5.48
0.5,0.6,14,0.28,0.3,81.71,40.43,6.22
0.5,0.6,14,0.28,0.35,80.89,39.04,6.08
0.5,0.6,14,0.28,0.4,80.31,37.97,5.97
0.5,0.6,14,0.32,0.3,85.42,45.44,6.75
0.5,0.6,14,0.32,0.35,84.49,43.96,6.59
0.5,0.6,14,0.32,0.4,83.70,42.60,6.45
0.5,0.6,14,0.36,0.3,88.98,50.18,7.25
0.5,0.6,14,0.36,0.35,87.96,48.63,7.08
0.5,0.6,14,0.36,0.4,87.09,47.20,6.94
0.5,0.6,14,0.4,0.3,92.51,54.87,7.74
0.5,0.6,14,0.4,0.35,91.42,53.24,7.57
0.5,0.6,14,0.4,0.4,90.47,51.76,7.41
0.5,0.6,14,0.44,0.3,96.02,59.49,8.22
0.5,0.6,14,0.44,0.35,94.86,57.81,8.05
0.5,0.6,14,0.44,0.4,93.84,56.26,7.89
0.5,0.6,14,0.48,0.3,99.49,64.05,8.70
0.5,0.6,14,0.48,0.35,98.27,62.32,8.52
0.5,0.6,14,0.48,0.4,97.19,60.72,8.35
0.5,0.6,16,0.24,0.3,77.48,34.57,5.61
0.5,0.6,16,0.24,0.35,76.82,33.31,5.48
0.5,0.6,16,0.24,0.4,76.63,32.90,5.44
0.5,0.6,16,0.28,0.3,81.38,39.99,6.18
0.5,0.6,16,0.28,0.35,80.57,38.61,6.03
0.5,0.6,16,0.28,0.4,80.00,37.54,5.92
0.5,0.6,16,0.32,0.3,85.08,45.00,6.70
0.5,0.6,16,0.32,0.35,84.16,43.52,6.55
0.5,0.6,16,0.32,0.4,83.38,42.17,6.41
0.5,0.6,16,0.36,0.3,88.64,49.73,7.20
0.5,0.6,16,0.36,0.35,87.63,48.19,7.04
0.5,0.6,16,0.36,0.4,86.76,46.76,6.89
0.5,0.6,16,0.4,0.3,92.17,54.42,7.69
0.5,0.6,16,0.4,0.35,91.08,52.80,7.52
0.5,0.6,16,0.4,0.4,90.14,51.32,7.37
0.5,0.6,16,0.44,0.3,95.68,59.04,8.17
0.5,0.6,16,0.44,0.35,94.52,57.36,8.00
0.5,0.6,16,0.44,0.4,93.51,55.82,7.84
0.5,0.6,16,0.48,0.3,99.15,63.60,8.65
0.5,0.6,16,0.48,0.35,97.93,61.87,8.47
0.5,0.6,16,0.48,0.4,96.86,60.28,8.31
1,0.35,6,0.24,0.3,58.08,34.02,0.64
1,0.35,6,0.24,0.35,57.88,33.16,0.64
1,0.35,6,0.24,0.4,57.82,32.87,0.64
1,0.35,6,0.28,0.3,59.26,37.37,0.65
1,0.35,6,0.28,0.35,59.02,36.46,0.65
1,0.35,6,0.28,0.4,58.85,35.75,0.65
1,0.35,6,0.32,0.3,60.37,40.44,0.66
1,0.35,6,0.32,0.35,60.11,39.50,0.66
1,0.35,6,0.32,0.4,59.88,38.61,0.66
1,0.35,6,0.36,0.3,61.45,43.34,0.68
1,0.35,6,0.36,0.35,61.16,42.37,0.67
1,0.35,6,0.36,0.4,60.91,41.45,0.67
1,0.35,6,0.4,0.3,62.53,46.21,0.69
1,0.35,6,0.4,0.35,62.22,45.21,0.68
1,0.35,6,0.4,0.4,61.94,44.26,0.68
1,0.35,6,0.44,0.3,63.60,49.06,0.70
1,0.35,6,0.44,0.35,63.27,48.03,0.70
1,0.35,6,0.44,0.4,62.98,47.06,0.69
1,0.35,6,0.48,0.3,64.66,51.88,0.71
1,0.35,6,0.48,0.35,64.32,50.82,0.71
1,0.35,6,0.48,0.4,64.01,49.83,0.70
1,0.35,8,0.24,0.3,57.34,32.00,0.63
1,0.35,8,0.24,0.35,57.16,31.16,0.63
1,0.35,8,0.24,0.4,57.11,30.88,0.63
1,0.35,8,0.28,0.3,58.50,35.33,0.64
1,0.35,8,0.28,0.35,58.28,34.44,0.64
1,0.35,8,0.28,0.4,58.12,33.74,0.64
1,0.35,8,0.32,0.3,59.61,38.38,0.66
1,0.35,8,0.32,0.35,59.35,37.46,0.65
1,0.35,8,0.32,0.4,59.14,36.59,0.65
1,0.35,8,0.36,0.3,60.67,41.28,0.67
1,0.35,8,0.36,0.35,60.40,40.32,0.66
1,0.35,8,0.36,0.4,60.16,39.42,0.66
1,0.35,8,0.4,0.3,61.74,44.15,0.68
1,0.35,8,0.4,0.35,61.45,43.16,0.68
1,0.35,8,0.4,0.4,61.19,42.23,0.67
1,0.35,8,0.44,0.3,62.81,46.99,0.69
1,0.35,8,0.44,0.35,62.49,45.97,0.69
1,0.35,8,0.44,0.4,62.21,45.02,0.68
1,0.35,8,0.48,0.3,63.87,49.81,0.70
1,0.35,8,0.48,0.35,63.54,48.77,0.70
1,0.35,8,0.48,0.4,63.24,47.78,0.70
1,0.35,10,0.24,0.3,56.81,30.53,0.62
1,0.35,10,0.24,0.35,56.63,29.71,0.62
1,0.35,10,0.24,0.4,56.59,29.43,0.62
1,0.35,10,0.28,0.3,57.95,33.83,0.64
1,0.35,10,0.28,0.35,57.74,32.96,0.64
1,0.35,10,0.28,0.4,57.59,32.28,0.63
1,0.35,10,0.32,0.3,59.05,36.88,0.65
1,0.35,10,0.32,0.35,58.81,35.97,0.65
1,0.35,10,0.32,0.4,58.60,35.12,0.64
1,0.35,10,0.36,0.3,60.11,39.77,0.66
1,0.35,10,0.36,0.35,59.84,38.82,0.66
1,0.35,10,0.36,0.4,59.62,37.93,0.66
1,0.35,10,0.4,0.3,61.17,42.63,0.67
1,0.35,10,0.4,0.35,60.88,41.66,0.67
1,0.35,10,0.4,0.4,60.63,40.74,0.67
1,0.35,10,0.44,0.3,62.23,45.47,0.68
1,0.35,10,0.44,0.35,61.93,44.47,0.68
1,0.35,10,0.44,0.4,61.66,43.52,0.68
1,0.35,10,0.48,0.3,63.29,48.29,0.70
1,0.35,10,0.48,0.35,62.97,47.26,0.69
1,0.35,10,0.48,0.4,62.68,46.29,0.69
1,0.35,12,0.24,0.3,56.40,29.41,0.62
1,0.35,12,0.24,0.35,56.24,28.61,0.62
1,0.35,12,0.24,0.4,56.19,28.34,0.62
1,0.35,12,0.28,0.3,57.53,32.69,0.63
1,0.35,12,0.28,0.35,57.33,31.84,0.63
1,0.35,12,0.28,0.4,57.19,31.16,0.63
1,0.35,12,0.32,0.3,58.62,35.73,0.64
1,0.35,12,0.32,0.35,58.39,34.83,0.64
1,0.35,12,0.32,0.4,58.19,33.99,0.64
1,0.35,12,0.36,0.3,59.68,38.61,0.66
1,0.35,12,0.36,0.35,59.42,37.68,0.65
1,0.35,12,0.36,0.4,59.20,36.80,0.65
1,0.35,12,0.4,0.3,60.74,41.48,0.67
1,0.35,12,0.4,0.35,60.46,40.51,0.67
1,0.35,12,0.4,0.4,60.21,39.60,0.66
1,0.35,12,0.44,0.3,61.79,44.32,0.68
1,0.35,12,0.44,0.35,61.49,43.32,0.68
1,0.35,12,0.44,0.4,61.23,42.38,0.67
1,0.35,12,0.48,0.3,62.85,47.13,0.69
1,0.35,12,0.48,0.35,62.53,46.11,0.69
1,0.35,12,0.48,0.4,62.25,45.14,0.68
1,0.35,14,0.24,0.3,56.08,28.53,0.62
1,0.35,14,0.24,0.35,55.93,27.74,0.62
1,0.35,14,0.24,0.4,55.89,27.47,0.61
1,0.35,14,0.28,0.3,57.20,31.80,0.63
1,0.35,14,0.28,0.35,57.01,30.95,0.63
1,0.35,14,0.28,0.4,56.87,30.29,0.63
1,0.35,14,0.32,0.3,58.29,34.83,0.64
1,0.35,14,0.32,0.35,58.06,33.94,0.64
1,0.35,14,0.32,0.4,57.87,33.11,0.64
1,0.35,14,0.36,0.3,59.34,37.70,0.65
1,0.35,14,0.36,0.35,59.09,36.78,0.65
1,0.35,14,0.36,0.4,58.88,35.91,0.65
1,0.35,14,0.4,0.3,60.39,40.56,0.66
1,0.35,14,0.4,0.35,60.12,39.60,0.66
1,0.35,14,0.4,0.4,59.88,38.70,0.66
1,0.35,14,0.44,0.3,61.45,43.40,0.68
1,0.35,14,0.44,0.35,61.15,42.41,0.67
1,0.35,14,0.44,0.4,60.90,41.48,0.67
1,0.35,14,0.48,0.3,62.50,46.21,0.69
1,0.35,14,0.48,0.35,62.19,45.20,0.68
1,0.35,14,0.48,0.4,61.91,44.24,0.68
1,0.35,16,0.24,0.3,55.82,27.82,0.61
1,0.35,16,0.24,0.35,55.68,27.04,0.61
1,0.35,16,0.24,0.4,55.64,26.78,0.61
1,0.35,16,0.28,0.3,56.93,31.07,0.63
1,0.35,16,0.28,0.35,56.75,30.24,0.62
1,0.35,16,0.28,0.4,56.62,29.58,0.62
1,0.35,16,0.32,0.3,58.02,34.10,0.64
1,0.35,16,0.32,0.35,57.79,33.21,0.64
1,0.35,16,0.32,0.4,57.61,32.39,0.63
1,0.35,16,0.36,0.3,59.07,36.97,0.65
1,0.35,16,0.36,0.35,58.82,36.05,0.65
1,0.35,16,0.36,0.4,58.61,35.19,0.64
1,0.35,16,0.4,0.3,60.12,39.82,0.66
1,0.35,16,0.4,0.35,59.85,38.87,0.66
1,0.35,16,0.4,0.4,59.62,37.98,0.66
1,0.35,16,0.44,0.3,61.17,42.66,0.67
1,0.35,16,0.44,0.35,60.88,41.68,0.67
1,0.35,16,0.44,0.4,60.63,40.75,0.67
1,0.35,16,0.48,0.3,62.22,45.47,0.68
1,0.35,16,0.48,0.35,61.91,44.46,0.68
1,0.35,16,0.48,0.4,61.64,43.51,0.68
1,0.4,6,0.24,0.3,58.47,34.89,0.64
1,0.4,6,0.24,0.35,58.26,33.93,0.64
1,0.4,6,0.24,0.4,58.20,33.61,0.64
1,0.4,6,0.28,0.3,59.79,38.68,0.66
1,0.4,6,0.28,0.35,59.53,37.66,0.65
1,0.4,6,0.28,0.4,59.35,36.86,0.65
1,0.4,6,0.32,0.3,61.06,42.16,0.67
1,0.4,6,0.32,0.35,60.76,41.09,0.67
1,0.4,6,0.32,0.4,60.51,40.09,0.67
1,0.4,6,0.36,0.3,62.28,45.44,0.69
1,0.4,6,0.36,0.35,61.95,44.33,0.68
1,0.4,6,0.36,0.4,61.67,43.30,0.68
1,0.4,6,0.4,0.3,63.49,48.68,0.70
1,0.4,6,0.4,0.35,63.14,47.54,0.69
1,0.4,6,0.4,0.4,62.84,46.48,0.69
1,0.4,6,0.44,0.3,64.70,51.90,0.71
1,0.4,6,0.44,0.35,64.33,50.73,0.71
1,0.4,6,0.44,0.4,64.01,49.63,0.70
1,0.4,6,0.48,0.3,65.91,55.08,0.72
1,0.4,6,0.48,0.35,65.52,53.88,0.72
1,0.4,6,0.48,0.4,65.17,52.75,0.72
1,0.4,8,0.24,0.3,57.79,33.03,0.64
1,0.4,8,0.24,0.35,57.60,32.10,0.63
1,0.4,8,0.24,0.4,57.54,31.78,0.63
1,0.4,8,0.28,0.3,59.10,36.80,0.65
1,0.4,8,0.28,0.35,58.85,35.80,0.65
1,0.4,8,0.28,0.4,58.68,35.02,0.65
1,0.4,8,0.32,0.3,60.35,40.26,0.66
1,0.4,8,0.32,0.35,60.07,39.21,0.66
1,0.4,8,0.32,0.4,59.83,38.24,0.66
1,0.4,8,0.36,0.3,61.56,43.54,0.68
1,0.4,8,0.36,0.35,61.25,42.45,0.67
1,0.4,8,0.36,0.4,60.98,41.43,0.67
1,0.4,8,0.4,0.3,62.77,46.78,0.69
1,0.4,8,0.4,0.35,62.43,45.66,0.69
1,0.4,8,0.4,0.4,62.14,44.61,0.68
1,0.4,8,0.44,0.3,63.97,49.99,0.70
1,0.4,8,0.44,0.35,63.62,48.84,0.70
1,0.4,8,0.44,0.4,63.30,47.75,0.70
1,0.4,8,0.48,0.3,65.18,53.17,0.72
1,0.4,8,0.48,0.35,64.80,51.99,0.71
1,0.4,8,0.48,0.4,64.46,50.87,0.71
1,0.4,10,0.24,0.3,57.30,31.68,0.63
1,0.4,10,0.24,0.35,57.12,30.76,0.63
1,0.4,10,0.24,0.4,57.07,30.45,0.63
1,0.4,10,0.28,0.3,58.59,35.42,0.64
1,0.4,10,0.28,0.35,58.36,34.44,0.64
1,0.4,10,0.28,0.4,58.20,33.67,0.64
1,0.4,10,0.32,0.3,59.83,38.88,0.66
1,0.4,10,0.32,0.35,59.56,37.84,0.66
1,0.4,10,0.32,0.4,59.34,36.88,0.65
1,0.4,10,0.36,0.3,61.04,42.15,0.67
1,0.4,10,0.36,0.35,60.74,41.07,0.67
1,0.4,10,0.36,0.4,60.48,40.07,0.67
1,0.4,10,0.4,0.3,62.24,45.39,0.68
1,0.4,10,0.4,0.35,61.91,44.28,0.68
1,0.4,10,0.4,0.4,61.63,43.24,0.68
1,0.4,10,0.44,0.3,63.45,48.60,0.70
1,0.4,10,0.44,0.35,63.09,47.45,0.69
1,0.4,10,0.44,0.4,62.79,46.38,0.69
1,0.4,10,0.48,0.3,64.65,51.78,0.71
1,0.4,10,0.48,0.35,64.27,50.60,0.71
1,0.4,10,0.48,0.4,63.94,49.49,0.70
1,0.4,12,0.24,0.3,56.92,30.65,0.63
1,0.4,12,0.24,0.35,56.75,29.75,0.62
1,0.4,12,0.24,0.4,56.71,29.44,0.62
1,0.4,12,0.28,0.3,58.20,34.37,0.64
1,0.4,12,0.28,0.35,57.98,33.41,0.64
1,0.4,12,0.28,0.4,57.83,32.65,0.64
1,0.4,12,0.32,0.3,59.44,37.82,0.65
1,0.4,12,0.32,0.35,59.18,36.80,0.65
1,0.4,12,0.32,0.4,58.96,35.85,0.65
1,0.4,12,0.36,0.3,60.64,41.09,0.67
1,0.4,12,0.36,0.35,60.35,40.02,0.66
1,0.4,12,0.36,0.4,60.10,39.03,0.66
1,0.4,12,0.4,0.3,61.84,44.32,0.68
1,0.4,12,0.4,0.35,61.52,43.22,0.68
1,0.4,12,0.4,0.4,61.25,42.19,0.67
1,0.4,12,0.44,0.3,63.04,47.53,0.69
1,0.4,12,0.44,0.35,62.69,46.40,0.69
1,0.4,12,0.44,0.4,62.40,45.33,0.69
1,0.4,12,0.48,0.3,64.24,50.71,0.71
1,0.4,12,0.48,0.35,63.87,49.54,0.70
1,0.4,12,0.48,0.4,63.55,48.44,0.70
1,0.4,14,0.24,0.3,56.63,29.84,0.62
1,0.4,14,0.24,0.35,56.47,28.95,0.62
1,0.4,14,0.24,0.4,56.43,28.65,0.62
1,0.4,14,0.28,0.3,57.90,33.55,0.64
1,0.4,14,0.28,0.35,57.69,32.59,0.63
1,0.4,14,0.28,0.4,57.54,31.84,0.63
1,0.4,14,0.32,0.3,59.13,36.98,0.65
1,0.4,14,0.32,0.35,58.88,35.97,0.65
1,0.4,14,0.32,0.4,58.67,35.03,0.65
1,0.4,14,0.36,0.3,60.33,40.25,0.66
1,0.4,14,0.36,0.35,60.04,39.19,0.66
1,0.4,14,0.36,0.4,59.80,38.21,0.66
1,0.4,14,0.4,0.3,61.52,43.48,0.68
1,0.4,14,0.4,0.35,61.21,42.39,0.67
1,0.4,14,0.4,0.4,60.94,41.37,0.67
1,0.4,14,0.44,0.3,62.72,46.69,0.69
1,0.4,14,0.44,0.35,62.38,45.56,0.69
1,0.4,14,0.44,0.4,62.09,44.50,0.68
1,0.4,14,0.48,0.3,63.92,49.87,0.70
1,0.4,14,0.48,0.35,63.55,48.70,0.70
1,0.4,14,0.48,0.4,63.23,47.62,0.70
1,0.4,16,0.24,0.3,56.39,29.18,0.62
1,0.4,16,0.24,0.35,56.24,28.31,0.62
1,0.4,16,0.24,0.4,56.20,28.01,0.62
1,0.4,16,0.28,0.3,57.66,32.88,0.63
1,0.4,16,0.28,0.35,57.45,31.93,0.63
1,0.4,16,0.28,0.4,57.31,31.19,0.63
1,0.4,16,0.32,0.3,58.88,36.31,0.65
1,0.4,16,0.32,0.35,58.63,35.31,0.64
1,0.4,16,0.32,0.4,58.43,34.38,0.64
1,0.4,16,0.36,0.3,60.07,39.57,0.66
1,0.4,16,0.36,0.35,59.79,38.52,0.66
1,0.4,16,0.36,0.4,59.56,37.55,0.66
1,0.4,16,0.4,0.3,61.27,42.80,0.67
1,0.4,16,0.4,0.35,60.96,41.71,0.67
1,0.4,16,0.4,0.4,60.70,40.70,0.67
1,0.4,16,0.44,0.3,62.47,46.01,0.69
1,0.4,16,0.44,0.35,62.13,44.89,0.68
1,0.4,16,0.44,0.4,61.84,43.83,0.68
1,0.4,16,0.48,0.3,63.66,49.18,0.70
1,0.4,16,0.48,0.35,63.30,48.03,0.70
1,0.4,16,0.48,0.4,62.98,46.94,0.69
1,0.45,6,0.24,0.3,58.86,35.76,0.65
1,0.45,6,0.24,0.35,58.64,34.70,0.65
1,0.45,6,0.24,0.4,58.58,34.35,0.64
1,0.45,6,0.28,0.3,60.32,39.98,0.66
1,0.45,6,0.28,0.35,60.05,38.85,0.66
1,0.45,6,0.28,0.4,59.86,37.97,0.66
1,0.45,6,0.32,0.3,61.73,43.85,0.68
1,0.45,6,0.32,0.35,61.41,42.66,0.68
1,0.45,6,0.32,0.4,61.14,41.56,0.67
1,0.45,6,0.36,0.3,63.09,47.51,0.69
1,0.45,6,0.36,0.35,62.73,46.28,0.69
1,0.45,6,0.36,0.4,62.43,45.13,0.69
1,0.45,6,0.4,0.3,64.45,51.12,0.71
1,0.45,6,0.4,0.35,64.06,49.85,0.70
1,0.45,6,0.4,0.4,63.72,48.67,0.70
1,0.45,6,0.44,0.3,65.79,54.70,0.72
1,0.45,6,0.44,0.35,65.38,53.39,0.72
1,0.45,6,0.44,0.4,65.02,52.17,0.72
1,0.45,6,0.48,0.3,67.14,58.24,0.74
1,0.45,6,0.48,0.35,66.70,56.89,0.73
1,0.45,6,0.48,0.4,66.31,55.63,0.73
1,0.45,8,0.24,0.3,58.24,34.06,0.64
1,0.45,8,0.24,0.35,58.04,33.03,0.64
1,0.45,8,0.24,0.4,57.99,32.68,0.64
1,0.45,8,0.28,0.3,59.69,38.26,0.66
1,0.45,8,0.28,0.35,59.43,37.15,0.65
1,0.45,8,0.28,0.4,59.25,36.29,0.65
1,0.45,8,0.32,0.3,61.08,42.12,0.67
1,0.45,8,0.32,0.35,60.78,40.95,0.67
1,0.45,8,0.32,0.4,60.52,39.87,0.67
1,0.45,8,0.36,0.3,62.43,45.77,0.69
1,0.45,8,0.36,0.35,62.09,44.56,0.68
1,0.45,8,0.36,0.4,61.80,43.43,0.68
1,0.45,8,0.4,0.3,63.79,49.38,0.70
1,0.45,8,0.4,0.35,63.41,48.13,0.70
1,0.45,8,0.4,0.4,63.09,46.96,0.69
1,0.45,8,0.44,0.3,65.13,52.96,0.72
1,0.45,8,0.44,0.35,64.73,51.66,0.71
1,0.45,8,0.44,0.4,64.38,50.45,0.71
1,0.45,8,0.48,0.3,66.47,56.49,0.73
1,0.45,8,0.48,0.35,66.04,55.16,0.73
1,0.45,8,0.48,0.4,65.67,53.91,0.72
1,0.45,10,0.24,0.3,57.79,32.82,0.64
1,0.45,10,0.24,0.35,57.60,31.81,0.63
1,0.45,10,0.24,0.4,57.56,31.47,0.63
1,0.45,10,0.28,0.3,59.22,37.00,0.65
1,0.45,10,0.28,0.35,58.98,35.91,0.65
1,0.45,10,0.28,0.4,58.81,35.06,0.65
1,0.45,10,0.32,0.3,60.61,40.85,0.67
1,0.45,10,0.32,0.35,60.31,39.70,0.66
1,0.45,10,0.32,0.4,60.07,38.63,0.66
1,0.45,10,0.36,0.3,61.96,44.50,0.68
1,0.45,10,0.36,0.35,61.62,43.30,0.68
1,0.45,10,0.36,0.4,61.35,42.18,0.67
1,0.45,10,0.4,0.3,63.30,48.11,0.70
1,0.45,10,0.4,0.35,62.93,46.87,0.69
1,0.45,10,0.4,0.4,62.63,45.71,0.69
1,0.45,10,0.44,0.3,64.65,51.69,0.71
1,0.45,10,0.44,0.35,64.25,50.40,0.71
1,0.45,10,0.44,0.4,63.91,49.20,0.70
1,0.45,10,0.48,0.3,65.98,55.22,0.73
1,0.45,10,0.48,0.35,65.56,53.90,0.72
1,0.45,10,0.48,0.4,65.19,52.66,0.72
1,0.45,12,0.24,0.3,57.45,31.88,0.63
1,0.45,12,0.24,0.35,57.27,30.88,0.63
1,0.45,12,0.24,0.4,57.23,30.55,0.63
1,0.45,12,0.28,0.3,58.87,36.04,0.65
1,0.45,12,0.28,0.35,58.63,34.97,0.64
1,0.45,12,0.28,0.4,58.47,34.12,0.64
1,0.45,12,0.32,0.3,60.25,39.89,0.66
1,0.45,12,0.32,0.35,59.96,38.74,0.66
1,0.45,12,0.32,0.4,59.73,37.69,0.66
1,0.45,12,0.36,0.3,61.59,43.53,0.68
1,0.45,12,0.36,0.35,61.26,42.34,0.67
1,0.45,12,0.36,0.4,61.00,41.23,0.67
1,0.45,12,0.4,0.3,62.94,47.14,0.69
1,0.45,12,0.4,0.35,62.57,45.90,0.69
1,0.45,12,0.4,0.4,62.27,44.75,0.68
1,0.45,12,0.44,0.3,64.28,50.71,0.71
1,0.45,12,0.44,0.35,63.88,49.43,0.70
1,0.45,12,0.44,0.4,63.55,48.25,0.70
1,0.45,12,0.48,0.3,65.61,54.24,0.72
1,0.45,12,0.48,0.35,65.19,52.93,0.72
1,0.45,12,0.48,0.4,64.83,51.70,0.71
1,0.45,14,0.24,0.3,57.18,31.14,0.63
1,0.45,14,0.24,0.35,57.01,30.15,0.63
1,0.45,14,0.24,0.4,56.97,29.82,0.63
1,0.45,14,0.28,0.3,58.60,35.29,0.64
1,0.45,14,0.28,0.35,58.36,34.22,0.64
1,0.45,14,0.28,0.4,58.21,33.39,0.64
1,0.45,14,0.32,0.3,59.97,39.12,0.66
1,0.45,14,0.32,0.35,59.69,37.99,0.66
1,0.45,14,0.32,0.4,59.46,36.95,0.65
1,0.45,14,0.36,0.3,61.31,42.77,0.67
1,0.45,14,0.36,0.35,60.98,41.58,0.67
1,0.45,14,0.36,0.4,60.73,40.48,0.67
1,0.45,14,0.4,0.3,62.65,46.37,0.69
1,0.45,14,0.4,0.35,62.29,45.14,0.69
1,0.45,14,0.4,0.4,61.99,44.00,0.68
1,0.45,14,0.44,0.3,63.98,49.94,0.70
1,0.45,14,0.44,0.35,63.60,48.67,0.70
1,0.45,14,0.44,0.4,63.27,47.49,0.70
1,0.45,14,0.48,0.3,65.32,53.47,0.72
1,0.45,14,0.48,0.35,64.90,52.17,0.71
1,0.45,14,0.48,0.4,64.55,50.95,0.71
1,0.45,16,0.24,0.3,56.96,30.54,0.63
1,0.45,16,0.24,0.35,56.81,29.56,0.62
1,0.45,16,0.24,0.4,56.77,29.24,0.62
1,0.45,16,0.28,0.3,58.37,34.68,0.64
1,0.45,16,0.28,0.35,58.15,33.62,0.64
1,0.45,16,0.28,0.4,58.00,32.79,0.64
1,0.45,16,0.32,0.3,59.74,38.51,0.66
1,0.45,16,0.32,0.35,59.46,37.38,0.65
1,0.45,16,0.32,0.4,59.25,36.35,0.65
1,0.45,16,0.36,0.3,61.08,42.14,0.67
1,0.45,16,0.36,0.35,60.76,40.97,0.67
1,0.45,16,0.36,0.4,60.50,39.88,0.67
1,0.45,16,0.4,0.3,62.41,45.75,0.69
1,0.45,16,0.4,0.35,62.06,44.53,0.68
1,0.45,16,0.4,0.4,61.77,43.39,0.68
1,0.45,16,0.44,0.3,63.75,49.32,0.70
1,0.45,16,0.44,0.35,63.37,48.06,0.70
1,0.45,16,0.44,0.4,63.04,46.88,0.69
1,0.45,16,0.48,0.3,65.08,52.85,0.72
1,0.45,16,0.48,0.35,64.67,51.55,0.71
1,0.45,16,0.48,0.4,64.32,50.33,0.71
1,0.5,6,0.24,0.3,59.25,36.62,0.65
1,0.5,6,0.24,0.35,59.03,35.47,0.65
1,0.5,6,0.24,0.4,58.97,35.09,0.65
1,0.5,6,0.28,0.3,60.86,41.26,0.67
1,0.5,6,0.28,0.35,60.56,40.03,0.67
1,0.5,6,0.28,0.4,60.37,39.07,0.66
1,0.5,6,0.32,0.3,62.41,45.53,0.69
1,0.5,6,0.32,0.35,62.05,44.23,0.68
1,0.5,6,0.32,0.4,61.77,43.03,0.68
1,0.5,6,0.36,0.3,63.90,49.56,0.70
1,0.5,6,0.36,0.35,63.51,48.20,0.70
1,0.5,6,0.36,0.4,63.19,46.95,0.70
1,0.5,6,0.4,0.3,65.39,53.54,0.72
1,0.5,6,0.4,0.35,64.97,52.13,0.71
1,0.5,6,0.4,0.4,64.61,50.83,0.71
1,0.5,6,0.44,0.3,66.88,57.47,0.74
1,0.5,6,0.44,0.35,66.42,56.02,0.73
1,0.5,6,0.44,0.4,66.03,54.68,0.73
1,0.5,6,0.48,0.3,68.35,61.35,0.75
1,0.5,6,0.48,0.35,67.87,59.87,0.75
1,0.5,6,0.48,0.4,67.45,58.48,0.74
1,0.5,8,0.24,0.3,58.69,35.08,0.65
1,0.5,8,0.24,0.35,58.48,33.95,0.64
1,0.5,8,0.24,0.4,58.43,33.58,0.64
1,0.5,8,0.28,0.3,60.28,39.71,0.66
1,0.5,8,0.28,0.35,60.00,38.49,0.66
1,0.5,8,0.28,0.4,59.82,37.55,0.66
1,0.5,8,0.32,0.3,61.82,43.97,0.68
1,0.5,8,0.32,0.35,61.48,42.68,0.68
1,0.5,8,0.32,0.4,61.22,41.49,0.67
1,0.5,8,0.36,0.3,63.31,47.98,0.70
1,0.5,8,0.36,0.35,62.93,46.65,0.69
1,0.5,8,0.36,0.4,62.62,45.41,0.69
1,0.5,8,0.4,0.3,64.79,51.96,0.71
1,0.5,8,0.4,0.35,64.38,50.57,0.71
1,0.5,8,0.4,0.4,64.03,49.29,0.70
1,0.5,8,0.44,0.3,66.28,55.89,0.73
1,0.5,8,0.44,0.35,65.83,54.46,0.72
1,0.5,8,0.44,0.4,65.45,53.13,0.72
1,0.5,8,0.48,0.3,67.75,59.78,0.75
1,0.5,8,0.48,0.35,67.27,58.30,0.74
1,0.5,8,0.48,0.4,66.86,56.93,0.74
1,0.5,10,0.24,0.3,58.29,33.96,0.64
1,0.5,10,0.24,0.35,58.09,32.85,0.64
1,0.5,10,0.24,0.4,58.05,32.48,0.64
1,0.5,10,0.28,0.3,59.86,38.57,0.66
1,0.5,10,0.28,0.35,59.59,37.37,0.66
1,0.5,10,0.28,0.4,59.42,36.44,0.65
1,0.5,10,0.32,0.3,61.39,42.82,0.68
1,0.5,10,0.32,0.35,61.07,41.54,0.67
1,0.5,10,0.32,0.4,60.81,40.37,0.67
1,0.5,10,0.36,0.3,62.87,46.83,0.69
1,0.5,10,0.36,0.35,62.50,45.51,0.69
1,0.5,10,0.36,0.4,62.21,44.28,0.68
1,0.5,10,0.4,0.3,64.36,50.81,0.71
1,0.5,10,0.4,0.35,63.95,49.43,0.70
1,0.5,10,0.4,0.4,63.61,48.16,0.70
1,0.5,10,0.44,0.3,65.84,54.74,0.72
1,0.5,10,0.44,0.35,65.39,53.31,0.72
1,0.5,10,0.44,0.4,65.02,51.99,0.72
1,0.5,10,0.48,0.3,67.31,58.62,0.74
1,0.5,10,0.48,0.35,66.84,57.16,0.74
1,0.5,10,0.48,0.4,66.43,55.79,0.73
1,0.5,12,0.24,0.3,57.98,33.11,0.64
1,0.5,12,0.24,0.35,57.79,32.01,0.64
1,0.5,12,0.24,0.4,57.75,31.65,0.64
1,0.5,12,0.28,0.3,59.54,37.70,0.65
1,0.5,12,0.28,0.35,59.28,36.51,0.65
1,0.5,12,0.28,0.4,59.12,35.59,0.65
1,0.5,12,0.32,0.3,61.06,41.94,0.67
1,0.5,12,0.32,0.35,60.75,40.68,0.67
1,0.5,12,0.32,0.4,60.50,39.52,0.67
1,0.5,12,0.36,0.3,62.54,45.95,0.69
1,0.5,12,0.36,0.35,62.18,44.64,0.68
1,0.5,12,0.36,0.4,61.89,43.42,0.68
1,0.5,12,0.4,0.3,64.02,49.93,0.70
1,0.5,12,0.4,0.35,63.62,48.56,0.70
1,0.5,12,0.4,0.4,63.29,47.29,0.70
1,0.5,12,0.44,0.3,65.50,53.86,0.72
1,0.5,12,0.44,0.35,65.07,52.44,0.72
1,0.5,12,0.44,0.4,64.70,51.13,0.71
1,0.5,12,0.48,0.3,66.97,57.74,0.74
1,0.5,12,0.48,0.35,66.51,56.28,0.73
1,0.5,12,0.48,0.4,66.10,54.92,0.73
1,0.5,14,0.24,0.3,57.74,32.44,0.64
1,0.5,14,0.24,0.35,57.56,31.35,0.63
1,0.5,14,0.24,0.4,57.52,30.99,0.63
1,0.5,14,0.28,0.3,59.29,37.01,0.65
1,0.5,14,0.28,0.35,59.04,35.84,0.65
1,0.5,14,0.28,0.4,58.88,34.92,0.65
1,0.5,14,0.32,0.3,60.81,41.25,0.67
1,0.5,14,0.32,0.35,60.49,40.00,0.67
1,0.5,14,0.32,0.4,60.26,38.85,0.66
1,0.5,14,0.36,0.3,62.28,45.26,0.69
1,0.5,14,0.36,0.35,61.93,43.95,0.68
1,0.5,14,0.36,0.4,61.64,42.74,0.68
1,0.5,14,0.4,0.3,63.76,49.23,0.70
1,0.5,14,0.4,0.35,63.36,47.87,0.70
1,0.5,14,0.4,0.4,63.04,46.61,0.69
1,0.5,14,0.44,0.3,65.24,53.16,0.72
1,0.5,14,0.44,0.35,64.80,51.75,0.71
1,0.5,14,0.44,0.4,64.44,50.45,0.71
1,0.5,14,0.48,0.3,66.71,57.04,0.73
1,0.5,14,0.48,0.35,66.24,55.59,0.73
1,0.5,14,0.48,0.4,65.85,54.24,0.72
1,0.5,16,0.24,0.3,57.54,31.89,0.63
1,0.5,16,0.24,0.35,57.37,30.82,0.63
1,0.5,16,0.24,0.4,57.34,30.46,0.63
1,0.5,16,0.28,0.3,59.09,36.46,0.65
1,0.5,16,0.28,0.35,58.84,35.29,0.65
1,0.5,16,0.28,0.4,58.69,34.38,0.65
1,0.5,16,0.32,0.3,60.60,40.69,0.67
1,0.5,16,0.32,0.35,60.29,39.44,0.66
1,0.5,16,0.32,0.4,60.06,38.30,0.66
1,0.5,16,0.36,0.3,62.07,44.70,0.68
1,0.5,16,0.36,0.35,61.72,43.39,0.68
1,0.5,16,0.36,0.4,61.44,42.19,0.68
1,0.5,16,0.4,0.3,63.55,48.67,0.70
1,0.5,16,0.4,0.35,63.15,47.31,0.69
1,0.5,16,0.4,0.4,62.84,46.06,0.69
1,0.5,16,0.44,0.3,65.02,52.60,0.72
1,0.5,16,0.44,0.35,64.59,51.19,0.71
1,0.5,16,0.44,0.4,64.23,49.89,0.71
1,0.5,16,0.48,0.3,66.49,56.48,0.73
1,0.5,16,0.48,0.35,66.03,55.03,0.73
1,0.5,16,0.48,0.4,65.64,53.68,0.72
1,0.55,6,0.24,0.3,59.64,37.47,0.66
1,0.55,6,0.24,0.35,59.41,36.23,0.65
1,0.55,6,0.24,0.4,59.36,35.83,0.65
1,0.55,6,0.28,0.3,61.39,42.54,0.68
1,0.55,6,0.28,0.35,61.08,41.21,0.67
1,0.55,6,0.28,0.4,60.88,40.17,0.67
1,0.55,6,0.32,0.3,63.07,47.20,0.69
1,0.55,6,0.32,0.35,62.70,45.78,0.69
1,0.55,6,0.32,0.4,62.40,44.48,0.69
1,0.55,6,0.36,0.3,64.70,51.59,0.71
1,0.55,6,0.36,0.35,64.28,50.11,0.71
1,0.55,6,0.36,0.4,63.94,48.75,0.70
1,0.55,6,0.4,0.3,66.33,55.93,0.73
1,0.55,6,0.4,0.35,65.87,54.39,0.72
1,0.55,6,0.4,0.4,65.49,52.98,0.72
1,0.55,6,0.44,0.3,67.95,60.21,0.75
1,0.55,6,0.44,0.35,67.46,58.63,0.74
1,0.55,6,0.44,0.4,67.03,57.16,0.74
1,0.55,6,0.48,0.3,69.55,64.43,0.77
1,0.55,6,0.48,0.35,69.03,62.81,0.76
1,0.55,6,0.48,0.4,68.57,61.29,0.75
1,0.55,8,0.24,0.3,59.14,36.10,0.65
1,0.55,8,0.24,0.35,58.93,34.88,0.65
1,0.55,8,0.24,0.4,58.88,34.48,0.65
1,0.55,8,0.28,0.3,60.87,41.14,0.67
1,0.55,8,0.28,0.35,60.57,39.83,0.67
1,0.55,8,0.28,0.4,60.39,38.81,0.66
1,0.55,8,0.32,0.3,62.55,45.79,0.69
1,0.55,8,0.32,0.35,62.19,44.39,0.68
1,0.55,8,0.32,0.4,61.91,43.11,0.68
1,0.55,8,0.36,0.3,64.17,50.18,0.71
1,0.55,8,0.36,0.35,63.76,48.72,0.70
1,0.55,8,0.36,0.4,63.43,47.37,0.70
1,0.55,8,0.4,0.3,65.80,54.51,0.72
1,0.55,8,0.4,0.35,65.34,52.99,0.72
1,0.55,8,0.4,0.4,64.97,51.60,0.71
1,0.55,8,0.44,0.3,67.41,58.79,0.74
1,0.55,8,0.44,0.35,66.92,57.22,0.74
1,0.55,8,0.44,0.4,66.51,55.77,0.73
1,0.55,8,0.48,0.3,69.01,63.02,0.76
1,0.55,8,0.48,0.35,68.49,61.40,0.75
1,0.55,8,0.48,0.4,68.05,59.90,0.75
1,0.55,10,0.24,0.3,58.78,35.09,0.65
1,0.55,10,0.24,0.35,58.58,33.89,0.64
1,0.55,10,0.24,0.4,58.54,33.49,0.64
1,0.55,10,0.28,0.3,60.49,40.12,0.67
1,0.55,10,0.28,0.35,60.21,38.82,0.66
1,0.55,10,0.28,0.4,60.03,37.81,0.66
1,0.55,10,0.32,0.3,62.16,44.76,0.68
1,0.55,10,0.32,0.35,61.81,43.37,0.68
1,0.55,10,0.32,0.4,61.54,42.10,0.68
1,0.55,10,0.36,0.3,63.78,49.14,0.70
1,0.55,10,0.36,0.35,63.38,47.70,0.70
1,0.55,10,0.36,0.4,63.06,46.36,0.69
1,0.55,10,0.4,0.3,65.40,53.48,0.72
1,0.55,10,0.4,0.35,64.96,51.97,0.71
1,0.55,10,0.4,0.4,64.59,50.58,0.71
1,0.55,10,0.44,0.3,67.02,57.76,0.74
1,0.55,10,0.44,0.35,66.53,56.20,0.73
1,0.55,10,0.44,0.4,66.13,54.76,0.73
1,0.55,10,0.48,0.3,68.62,61.98,0.75
1,0.55,10,0.48,0.35,68.10,60.38,0.75
1,0.55,10,0.48,0.4,67.66,58.89,0.74
1,0.55,12,0.24,0.3,58.50,34.33,0.64
1,0.55,12,0.24,0.35,58.32,33.14,0.64
1,0.55,12,0.24,0.4,58.28,32.75,0.64
1,0.55,12,0.28,0.3,60.21,39.34,0.66
1,0.55,12,0.28,0.35,59.93,38.05,0.66
1,0.55,12,0.28,0.4,59.76,37.05,0.66
1,0.55,12,0.32,0.3,61.87,43.98,0.68
1,0.55,12,0.32,0.35,61.53,42.60,0.68
1,0.55,12,0.32,0.4,61.27,41.34,0.67
1,0.55,12,0.36,0.3,63.49,48.35,0.70
1,0.55,12,0.36,0.35,63.09,46.91,0.69
1,0.55,12,0.36,0.4,62.78,45.59,0.69
1,0.55,12,0.4,0.3,65.10,52.69,0.72
1,0.55,12,0.4,0.35,64.66,51.19,0.71
1,0.55,12,0.4,0.4,64.31,49.81,0.71
1,0.55,12,0.44,0.3,66.72,56.97,0.73
1,0.55,12,0.44,0.35,66.24,55.41,0.73
1,0.55,12,0.44,0.4,65.84,53.98,0.72
1,0.55,12,0.48,0.3,68.32,61.19,0.75
1,0.55,12,0.48,0.35,67.80,59.59,0.75
1,0.55,12,0.48,0.4,67.37,58.11,0.74
1,0.55,14,0.24,0.3,58.28,33.72,0.64
1,0.55,14,0.24,0.35,58.11,32.54,0.64
1,0.55,14,0.24,0.4,58.07,32.16,0.64
1,0.55,14,0.28,0.3,59.98,38.73,0.66
1,0.55,14,0.28,0.35,59.71,37.45,0.66
1,0.55,14,0.28,0.4,59.55,36.45,0.66
1,0.55,14,0.32,0.3,61.64,43.35,0.68
1,0.55,14,0.32,0.35,61.30,41.98,0.67
1,0.55,14,0.32,0.4,61.05,40.73,0.67
1,0.55,14,0.36,0.3,63.25,47.73,0.70
1,0.55,14,0.36,0.35,62.86,46.30,0.69
1,0.55,14,0.36,0.4,62.56,44.98,0.69
1,0.55,14,0.4,0.3,64.87,52.06,0.71
1,0.55,14,0.4,0.35,64.43,50.57,0.71
1,0.55,14,0.4,0.4,64.08,49.20,0.70
1,0.55,14,0.44,0.3,66.48,56.34,0.73
1,0.55,14,0.44,0.35,66.00,54.79,0.73
1,0.55,14,0.44,0.4,65.61,53.37,0.72
1,0.55,14,0.48,0.3,68.08,60.57,0.75
1,0.55,14,0.48,0.35,67.57,58.97,0.74
1,0.55,14,0.48,0.4,67.14,57.49,0.74
1,0.55,16,0.24,0.3,58.11,33.24,0.64
1,0.55,16,0.24,0.35,57.94,32.07,0.64
1,0.55,16,0.24,0.4,57.90,31.68,0.64
1,0.55,16,0.28,0.3,59.80,38.23,0.66
1,0.55,16,0.28,0.35,59.54,36.96,0.65
1,0.55,16,0.28,0.4,59.38,35.97,0.65
1,0.55,16,0.32,0.3,61.45,42.85,0.68
1,0.55,16,0.32,0.35,61.12,41.49,0.67
1,0.55,16,0.32,0.4,60.87,40.24,0.67
1,0.55,16,0.36,0.3,63.06,47.23,0.69
1,0.55,16,0.36,0.35,62.68,45.80,0.69
1,0.55,16,0.36,0.4,62.38,44.49,0.69
1,0.55,16,0.4,0.3,64.68,51.56,0.71
1,0.55,16,0.4,0.35,64.24,50.07,0.71
1,0.55,16,0.4,0.4,63.89,48.70,0.70
1,0.55,16,0.44,0.3,66.29,55.83,0.73
1,0.55,16,0.44,0.35,65.81,54.29,0.72
1,0.55,16,0.44,0.4,65.42,52.87,0.72
1,0.55,16,0.48,0.3,67.88,60.06,0.75
1,0.55,16,0.48,0.35,67.38,58.47,0.74
1,0.55,16,0.48,0.4,66.95,57.00,0.74
1,0.6,6,0.24,0.3,60.04,38.33,0.66
1,0.6,6,0.24,0.35,59.81,37.00,0.66
1,0.6,6,0.24,0.4,59.76,36.57,0.66
1,0.6,6,0.28,0.3,61.91,43.81,0.68
1,0.6,6,0.28,0.35,61.59,42.38,0.68
1,0.6,6,0.28,0.4,61.39,41.26,0.68
1,0.6,6,0.32,0.3,63.74,48.85,0.70
1,0.6,6,0.32,0.35,63.34,47.33,0.70
1,0.6,6,0.32,0.4,63.04,45.93,0.69
1,0.6,6,0.36,0.3,65.50,53.60,0.72
1,0.6,6,0.36,0.35,65.05,52.00,0.72
1,0.6,6,0.36,0.4,64.69,50.54,0.71
1,0.6,6,0.4,0.3,67.26,58.29,0.74
1,0.6,6,0.4,0.35,66.77,56.63,0.73
1,0.6,6,0.4,0.4,66.36,55.11,0.73
1,0.6,6,0.44,0.3,69.01,62.92,0.76
1,0.6,6,0.44,0.35,68.47,61.20,0.75
1,0.6,6,0.44,0.4,68.03,59.62,0.75
1,0.6,6,0.48,0.3,70.74,67.47,0.78
1,0.6,6,0.48,0.35,70.17,65.71,0.77
1,0.6,6,0.48,0.4,69.69,64.08,0.77
1,0.6,8,0.24,0.3,59.60,37.11,0.66
1,0.6,8,0.24,0.35,59.38,35.80,0.65
1,0.6,8,0.24,0.4,59.34,35.38,0.65
1,0.6,8,0.28,0.3,61.46,42.57,0.68
1,0.6,8,0.28,0.35,61.15,41.15,0.67
1,0.6,8,0.28,0.4,60.96,40.06,0.67
1,0.6,8,0.32,0.3,63.27,47.61,0.70
1,0.6,8,0.32,0.35,62.89,46.09,0.69
1,0.6,8,0.32,0.4,62.60,44.71,0.69
1,0.6,8,0.36,0.3,65.03,52.35,0.72
1,0.6,8,0.36,0.35,64.59,50.77,0.71
1,0.6,8,0.36,0.4,64.24,49.32,0.71
1,0.6,8,0.4,0.3,66.79,57.04,0.73
1,0.6,8,0.4,0.35,66.30,55.39,0.73
1,0.6,8,0.4,0.4,65.90,53.88,0.72
1,0.6,8,0.44,0.3,68.54,61.66,0.75
1,0.6,8,0.44,0.35,68.00,59.96,0.75
1,0.6,8,0.44,0.4,67.57,58.39,0.74
1,0.6,8,0.48,0.3,70.27,66.22,0.77
1,0.6,8,0.48,0.35,69.70,64.47,0.77
1,0.6,8,0.48,0.4,69.22,62.85,0.76
1,0.6,10,0.24,0.3,59.27,36.22,0.65
1,0.6,10,0.24,0.35,59.08,34.92,0.65
1,0.6,10,0.24,0.4,59.04,34.50,0.65
1,0.6,10,0.28,0.3,61.12,41.67,0.67
1,0.6,10,0.28,0.35,60.83,40.26,0.67
1,0.6,10,0.28,0.4,60.64,39.17,0.67
1,0.6,10,0.32,0.3,62.93,46.69,0.69
1,0.6,10,0.32,0.35,62.55,45.19,0.69
1,0.6,10,0.32,0.4,62.27,43.82,0.69
1,0.6,10,0.36,0.3,64.69,51.43,0.71
1,0.6,10,0.36,0.35,64.25,49.86,0.71
1,0.6,10,0.36,0.4,63.92,48.42,0.70
1,0.6,10,0.4,0.3,66.44,56.12,0.73
1,0.6,10,0.4,0.35,65.96,54.48,0.73
1,0.6,10,0.4,0.4,65.57,52.99,0.72
1,0.6,10,0.44,0.3,68.19,60.75,0.75
1,0.6,10,0.44,0.35,67.66,59.05,0.74
1,0.6,10,0.44,0.4,67.23,57.49,0.74
1,0.6,10,0.48,0.3,69.92,65.31,0.77
1,0.6,10,0.48,0.35,69.36,63.56,0.76
1,0.6,10,0.48,0.4,68.88,61.95,0.76
1,0.6,12,0.24,0.3,59.03,35.54,0.65
1,0.6,12,0.24,0.35,58.84,34.26,0.65
1,0.6,12,0.24,0.4,58.81,33.84,0.65
1,0.6,12,0.28,0.3,60.87,40.97,0.67
1,0.6,12,0.28,0.35,60.58,39.58,0.67
1,0.6,12,0.28,0.4,60.40,38.50,0.66
1,0.6,12,0.32,0.3,62.67,46.00,0.69
1,0.6,12,0.32,0.35,62.30,44.50,0.69
1,0.6,12,0.32,0.4,62.03,43.14,0.68
1,0.6,12,0.36,0.3,64.42,50.73,0.71
1,0.6,12,0.36,0.35,64.00,49.17,0.70
1,0.6,12,0.36,0.4,63.67,47.74,0.70
1,0.6,12,0.4,0.3,66.17,55.42,0.73
1,0.6,12,0.4,0.35,65.70,53.79,0.72
1,0.6,12,0.4,0.4,65.31,52.30,0.72
1,0.6,12,0.44,0.3,67.92,60.04,0.75
1,0.6,12,0.44,0.35,67.40,58.36,0.74
1,0.6,12,0.44,0.4,66.97,56.81,0.74
1,0.6,12,0.48,0.3,69.65,64.60,0.77
1,0.6,12,0.48,0.35,69.09,62.87,0.76
1,0.6,12,0.48,0.4,68.62,61.26,0.75
1,0.6,14,0.24,0.3,58.84,35.01,0.65
1,0.6,14,0.24,0.35,58.66,33.73,0.65
1,0.6,14,0.24,0.4,58.62,33.32,0.64
1,0.6,14,0.28,0.3,60.67,40.43,0.67
1,0.6,14,0.28,0.35,60.39,39.04,0.66
1,0.6,14,0.28,0.4,60.22,37.97,0.66
1,0.6,14,0.32,0.3,62.47,45.44,0.69
1,0.6,14,0.32,0.35,62.10,43.96,0.68
1,0.6,14,0.32,0.4,61.84,42.60,0.68
1,0.6,14,0.36,0.3,64.22,50.18,0.71
1,0.6,14,0.36,0.35,63.79,48.63,0.70
1,0.6,14,0.36,0.4,63.47,47.20,0.70
1,0.6,14,0.4,0.3,65.97,54.87,0.73
1,0.6,14,0.4,0.35,65.49,53.24,0.72
1,0.6,14,0.4,0.4,65.11,51.76,0.72
1,0.6,14,0.44,0.3,67.71,59.49,0.74
1,0.6,14,0.44,0.35,67.19,57.81,0.74
1,0.6,14,0.44,0.4,66.76,56.26,0.73
1,0.6,14,0.48,0.3,69.44,64.05,0.76
1,0.6,14,0.48,0.35,68.88,62.32,0.76
1,0.6,14,0.48,0.4,68.42,60.72,0.75
1,0.6,16,0.24,0.3,58.68,34.57,0.65
1,0.6,16,0.24,0.35,58.51,33.31,0.64
1,0.6,16,0.24,0.4,58.48,32.90,0.64
1,0.6,16,0.28,0.3,60.51,39.99,0.67
1,0.6,16,0.28,0.35,60.23,38.61,0.66
1,0.6,16,0.28,0.4,60.06,37.54,0.66
1,0.6,16,0.32,0.3,62.30,45.00,0.69
1,0.6,16,0.32,0.35,61.94,43.52,0.68
1,0.6,16,0.32,0.4,61.68,42.17,0.68
1,0.6,16,0.36,0.3,64.05,49.73,0.70
1,0.6,16,0.36,0.35,63.63,48.19,0.70
1,0.6,16,0.36,0.4,63.31,46.76,0.70
1,0.6,16,0.4,0.3,65.80,54.42,0.72
1,0.6,16,0.4,0.35,65.33,52.80,0.72
1,0.6,16,0.4,0.4,64.95,51.32,0.71
1,0.6,16,0.44,0.3,67.54,59.04,0.74
1,0.6,16,0.44,0.35,67.02,57.36,0.74
1,0.6,16,0.44,0.4,66.60,55.82,0.73
1,0.6,16,0.48,0.3,69.27,63.60,0.76
1,0.6,16,0.48,0.35,68.71,61.87,0.76
1,0.6,16,0.48,0.4,68.25,60.28,0.75
