HP Fraction,Window U-Value,Window SHGC,Wall R-Value,Glazing Ratio,Cooling kWh-m2,Heating kWh-m2,DHW kWh-m2,Lighting kWh-m2,TEDI kWh-m2,EUI kWh-m2
0,0.28,0.31,6,0.3,9.837296516,42.6398213,9.9112,18.98729883,38.37583917,123.5995283
0,0.32,0.31,6,0.3,9.592172828,44.15951982,9.9112,18.96628287,39.74356783,124.8125154
0,0.36,0.31,6,0.3,9.4909567,45.58192659,9.9112,18.96628693,41.02373393,126.1296981
0,0.28,0.38,6,0.3,10.76324377,42.25649192,9.9112,18.79192158,38.03084273,124.2108204
0,0.32,0.38,6,0.3,10.59583425,43.71094744,9.9112,18.78414561,39.33985269,125.4715038
0,0.36,0.38,6,0.3,10.48431331,45.1151802,9.9112,18.78414848,40.60366218,126.7589711
0,0.28,0.31,13,0.3,9.723859358,35.68928227,9.9112,18.98729883,32.12035405,116.3897034
0,0.32,0.31,13,0.3,9.450230555,37.13499776,9.9112,18.96628287,33.42149799,117.4842224
0,0.36,0.31,13,0.3,9.38566216,38.49300331,9.9112,18.96628693,34.64370298,118.7836963
0,0.32,0.38,13,0.3,10.49787929,36.73194668,9.9112,18.78414561,33.05875201,118.2398317
0,0.36,0.38,13,0.3,10.42161934,38.061439,9.9112,18.78414848,34.2552951,119.4993361
0,0.28,0.31,20,0.3,9.737148694,33.38437297,9.9112,18.98729883,30.04593568,114.0926657
0,0.32,0.31,20,0.3,9.451091423,34.79204753,9.9112,18.96628287,31.31284278,115.1173406
0,0.36,0.31,20,0.3,9.318083198,36.12405648,9.9112,18.96628693,32.51165084,116.2888411
0,0.28,0.38,20,0.3,10.71167291,33.03012274,9.9112,18.79192158,29.72711046,114.7850645
0,0.32,0.38,20,0.3,10.50030579,34.39217262,9.9112,18.78414561,30.95295535,115.881533
0,0.36,0.38,20,0.3,10.36702489,35.71397296,9.9112,18.78414848,32.14257566,117.0446114
0,0.28,0.31,6,0.35,10.29891102,43.2526064,9.9112,18.88203511,38.92734576,124.7226886
0,0.32,0.31,6,0.35,10.01424434,45.01928731,9.9112,18.86038011,40.51735858,126.1365651
0,0.36,0.31,6,0.35,9.892651455,46.6726248,9.9112,18.86038475,42.00536232,127.6671321
0,0.28,0.38,6,0.35,11.38070164,42.77875567,9.9112,18.69594647,38.5008801,125.4463702
0,0.36,0.38,6,0.35,11.04860375,46.12555229,9.9112,18.68838434,41.51299706,128.4304585
0,0.28,0.31,13,0.35,10.19773005,36.779387,9.9112,18.88203511,33.1014483,118.0052578
0,0.32,0.31,13,0.35,9.940393538,38.44782251,9.9112,18.86038011,34.60304026,119.3552592
0,0.36,0.31,13,0.35,9.801094868,40.04213348,9.9112,18.86038475,36.03792013,120.797726
0,0.28,0.38,13,0.35,11.32123464,36.35696095,9.9112,18.69594647,32.72126485,118.8326842
0,0.32,0.38,13,0.35,11.15173823,37.97836462,9.9112,18.68838109,34.18052816,120.2628603
0,0.36,0.38,13,0.35,10.99778702,39.56504614,9.9112,18.68838434,35.60854152,121.6813186
0,0.28,0.31,20,0.35,10.20379812,34.60326987,9.9112,18.88203511,31.14294288,115.8150029
0,0.32,0.31,20,0.35,9.876443615,36.26532934,9.9112,18.86038011,32.63879641,117.0549957
0,0.36,0.31,20,0.35,9.78704083,37.82028161,9.9112,18.86038475,34.03825345,118.5210294
0,0.28,0.38,20,0.35,11.33701238,34.19703808,9.9112,18.69594647,30.77733427,116.669674
0,0.32,0.38,20,0.35,11.10668201,35.8052642,9.9112,18.68838109,32.22473778,117.9968767
0,0.36,0.38,20,0.35,10.99989805,37.35587841,9.9112,18.68838434,33.62029057,119.4383085
0,0.28,0.31,6,0.4,10.75416442,43.86761215,9.9112,18.79365308,39.48085094,125.8549603
0,0.32,0.31,6,0.4,10.42566883,45.88497163,9.9112,18.77217437,41.29647447,127.4726506
0,0.36,0.31,6,0.4,10.28696604,47.77233052,9.9112,18.77217848,42.99509747,129.2215337
0,0.28,0.38,6,0.4,11.98845493,43.35449781,9.9112,18.61939636,39.01904803,126.7443686
0,0.32,0.38,6,0.4,11.76049781,45.27333004,9.9112,18.61202254,40.74599704,128.4051768
0,0.36,0.38,6,0.4,11.60294879,47.13649213,9.9112,18.61202541,42.42284292,130.1072389
0,0.28,0.31,13,0.4,10.71503661,37.85719602,9.9112,18.79365308,34.07147642,119.6870516
0,0.32,0.31,13,0.4,10.36271701,39.79436773,9.9112,18.77217437,35.81493095,121.1894072
0,0.36,0.31,13,0.4,10.20386814,41.61951307,9.9112,18.77217848,37.45756176,122.8435553
0,0.28,0.38,13,0.4,11.99261464,37.40100417,9.9112,18.61939636,33.66090376,120.6889071
0,0.32,0.38,13,0.4,11.73874918,39.25589274,9.9112,18.61202254,35.33030347,122.2448387
0,0.36,0.38,13,0.4,11.56237296,41.04547171,9.9112,18.61202541,36.94092454,123.8452176
0,0.28,0.31,20,0.4,10.66506726,35.86093105,9.9112,18.79365308,32.27483795,117.5946473
0,0.32,0.31,20,0.4,10.35685996,37.75185631,9.9112,18.77217437,33.97667068,119.1055439
0,0.36,0.31,20,0.4,10.19358951,39.54600697,9.9112,18.77217848,35.59140627,120.7213987
0,0.28,0.38,20,0.4,11.96357112,35.40839071,9.9112,18.61939636,31.86755164,118.6275508
0,0.32,0.38,20,0.4,11.74842773,37.2297629,9.9112,18.61202254,33.50678661,120.1989489
0,0.36,0.38,20,0.4,11.56633548,38.99957956,9.9112,18.61202541,35.0996216,121.7664898
0,0.28,0.31,6,0.45,11.20938182,44.44491314,9.9112,18.72136364,40.00042183,126.963179
0,0.32,0.31,6,0.45,10.83754092,46.72058773,9.9112,18.70034433,42.04852896,128.7930951
0,0.36,0.31,6,0.45,10.68076319,48.86265805,9.9112,18.70034808,43.97639224,130.7812669
0,0.28,0.38,6,0.45,12.59111204,43.92533455,9.9112,18.55704791,39.53280109,128.044086
0,0.32,0.38,6,0.45,12.3305526,46.09021523,9.9112,18.54975092,41.48119371,129.9184255
0,0.36,0.38,6,0.45,12.15163529,48.18394714,9.9112,18.54975373,43.36555242,131.8309518
0,0.28,0.31,13,0.45,11.18146576,38.94552359,9.9112,18.72136364,35.05097123,121.3269572
0,0.32,0.31,13,0.45,10.78307891,41.13906353,9.9112,18.70034433,37.02515718,123.0361546
0,0.36,0.31,13,0.45,10.60697022,43.20536685,9.9112,18.70034808,38.88483016,124.9147416
0,0.28,0.38,13,0.45,12.60268356,38.46292485,9.9112,18.55704791,34.61663237,122.4924589
0,0.32,0.38,13,0.45,12.32034089,40.54841709,9.9112,18.54975092,36.49357538,124.2528786
0,0.36,0.38,13,0.45,12.12226533,42.56485172,9.9112,18.54975373,38.30836655,126.0568556
0,0.28,0.31,20,0.45,11.18426697,37.0900272,9.9112,18.72136364,33.38102448,119.446339
0,0.32,0.31,20,0.45,10.77791534,39.25429041,9.9112,18.70034433,35.32886137,121.1108834
0,0.36,0.31,20,0.45,10.59351768,41.29788073,9.9112,18.70034808,37.16809266,122.9572297
0,0.28,0.38,20,0.45,12.57616539,36.62600717,9.9112,18.55704759,32.96340645,120.5878003
0,0.32,0.38,20,0.45,12.32974375,38.68507773,9.9112,18.54975092,34.81656996,122.367535
0,0.36,0.38,20,0.45,12.12594279,40.68013037,9.9112,18.54975373,36.61211734,124.1413367
0,0.28,0.31,6,0.5,11.6653283,45.06798054,9.9112,18.65798912,40.56118248,128.1294629
0,0.32,0.31,6,0.5,11.24636449,47.57484167,9.9112,18.63721111,42.8173575,130.1392267
0,0.36,0.31,6,0.5,11.06993734,49.92771348,9.9112,18.6372148,44.93494213,132.3187691
0,0.28,0.38,6,0.5,13.18816106,44.49733455,9.9112,18.5029531,40.04760109,129.3454145
0,0.32,0.38,6,0.5,12.89562799,46.906962,9.9112,18.49578372,42.2162658,131.4307533
0,0.36,0.38,6,0.5,12.69560179,49.22197152,9.9112,18.49578646,44.29977437,133.5446148
0,0.28,0.31,13,0.5,11.6418586,40.05300529,9.9112,18.65798912,36.04770476,122.9885494
0,0.32,0.31,13,0.5,11.20021939,42.46619069,9.9112,18.63721111,38.21957162,124.8690154
0,0.36,0.31,13,0.5,11.00826403,44.75247735,9.9112,18.6372148,40.27722961,126.9532157
0,0.28,0.38,13,0.5,13.21144932,39.51891296,9.9112,18.5029531,35.56702166,124.2985075
0,0.32,0.38,13,0.5,12.89343437,41.84948893,9.9112,18.49578372,37.66454004,126.2669373
0,0.36,0.38,13,0.5,12.67748258,44.09115625,9.9112,18.49578646,39.68204062,128.2805699
0,0.28,0.31,20,0.5,11.64630504,38.36421215,9.9112,18.65798912,34.52779093,121.2758535
0,0.32,0.31,20,0.5,11.19757242,40.75109082,9.9112,18.63721111,36.67598174,123.1204815
0,0.36,0.31,20,0.5,10.99540072,43.0045806,9.9112,18.6372148,38.70412254,125.1561545
0,0.28,0.38,20,0.5,13.23139517,37.82855195,9.9112,18.5029531,34.04569675,122.6074462
0,0.32,0.38,20,0.5,12.90502331,40.1423609,9.9112,18.49578372,36.12812481,124.5409304
0,0.36,0.38,20,0.5,12.67917188,42.37346227,9.9112,18.49578646,38.13611604,126.5294828
0,0.28,0.31,6,0.55,12.11142485,45.69386696,9.9112,18.60065745,41.12448027,129.2903841
0,0.32,0.31,6,0.55,11.64954817,48.44769607,9.9112,18.58017277,43.60292646,131.502053
0,0.36,0.31,6,0.55,11.4524519,51.02128628,9.9112,18.5801761,45.91915765,133.8814437
0,0.28,0.38,6,0.55,13.77983671,45.07446615,9.9112,18.45514891,40.56701954,130.6508641
0,0.32,0.38,6,0.55,13.44883195,47.71651267,9.9112,18.44815152,42.9448614,132.928586
0,0.36,0.38,6,0.55,13.22676274,50.25195099,9.9112,18.44815389,45.22675589,135.2413219
0,0.28,0.31,13,0.55,12.09704883,41.16895028,9.9112,18.60065745,37.05205525,124.6586709
0,0.32,0.31,13,0.55,11.6155184,43.82767011,9.9112,18.58017277,39.4449031,126.7411563
0,0.36,0.31,13,0.55,11.40136469,46.35315569,9.9112,18.5801761,41.71784012,129.0439827
0,0.28,0.38,13,0.55,13.8080473,40.59509831,9.9112,18.45514891,36.53558848,126.1159021
0,0.32,0.38,13,0.55,13.45924385,43.14734724,9.9112,18.44815152,38.83261252,128.2745606
0,0.36,0.38,13,0.55,13.21782891,45.62573816,9.9112,18.44815389,41.06316434,130.5008242
0,0.28,0.31,20,0.55,12.10252966,39.63211013,9.9112,18.60065745,35.66889912,123.0993656
0,0.32,0.31,20,0.55,11.60998484,42.2717904,9.9112,18.58017277,38.04461136,125.149036
0,0.36,0.31,20,0.55,11.393758,44.76523973,9.9112,18.5801761,40.28871576,127.4143589
0,0.28,0.38,20,0.55,13.82773527,39.06621465,9.9112,18.45514891,35.15959319,124.5858464
0,0.32,0.38,20,0.55,13.47001026,41.61321957,9.9112,18.44815152,37.45189761,126.7224379
0,0.36,0.38,20,0.55,13.22179527,44.06088432,9.9112,18.44815389,39.65479589,128.9077414
0,0.28,0.31,6,0.6,12.55600968,46.32088843,9.9112,18.55102132,41.68879958,130.4591045
0,0.32,0.31,6,0.6,12.05280613,49.31173005,9.9112,18.53086965,44.38055705,132.8614796
0,0.36,0.31,6,0.6,11.83499881,52.10689429,9.9112,18.53087275,46.89620486,135.444297
0,0.28,0.38,6,0.6,14.36271479,45.65194723,9.9112,18.41430453,41.0867525,131.9524678
0,0.32,0.38,6,0.6,13.99892537,48.52542651,9.9112,18.4073957,43.67288386,134.4262015
0,0.36,0.38,6,0.6,13.75442034,51.27826246,9.9112,18.40739782,46.15043622,136.9363302
0,0.28,0.31,13,0.6,12.54894094,42.29128185,9.9112,18.55102132,38.06215366,126.3385779
0,0.32,0.31,13,0.6,12.02633538,45.18928746,9.9112,18.53086965,40.67035871,128.6157951
0,0.36,0.31,13,0.6,11.79195865,47.95840282,9.9112,18.53087275,43.16256253,131.1468114
0,0.28,0.38,13,0.6,14.39550886,41.66942643,9.9112,18.41430453,37.50248379,127.9252761
0,0.32,0.38,13,0.6,14.01698291,44.44303535,9.9112,18.4073957,39.99873182,130.2761018
0,0.36,0.38,13,0.6,13.75067602,47.17743038,9.9112,18.40739782,42.45968734,132.7345416
0,0.28,0.31,20,0.6,12.55480133,40.9260955,9.9112,18.55102132,36.83348595,124.9538253
0,0.32,0.31,20,0.6,12.02210119,43.8006237,9.9112,18.53086965,39.42056133,127.1960072
0,0.36,0.31,20,0.6,11.78357996,46.54277632,9.9112,18.53087275,41.88849869,129.6901686
0,0.28,0.38,20,0.6,14.41513076,40.30976541,9.9112,18.41430453,36.27878887,126.5654667
0,0.32,0.38,20,0.6,14.02648838,43.07284388,9.9112,18.4073957,38.76555949,128.8898491
0,0.36,0.38,20,0.6,13.75720417,45.77923212,9.9112,18.40739782,41.20130891,131.3141709
0,0.28,0.31,6,0.65,12.99353473,46.95882724,9.9112,18.50753204,42.26294452,131.6349224
0,0.32,0.31,6,0.65,12.44772626,50.17359184,9.9112,18.48778994,45.15623265,134.2158126
0,0.36,0.31,6,0.65,12.21075752,53.1927742,9.9112,18.48779474,47.87349678,137.005225
0,0.28,0.38,6,0.65,14.93725991,46.19941625,9.9112,18.37852134,41.57947462,133.2153621
0,0.32,0.38,6,0.65,14.54214205,49.31036597,9.9112,18.37165807,44.37932937,135.8971108
0,0.36,0.38,6,0.65,14.27044482,52.31148065,9.9112,18.37166147,47.08033258,138.6287579
0,0.28,0.31,13,0.65,12.99303446,43.4114679,9.9112,18.50753204,39.07032111,128.0138305
0,0.32,0.31,13,0.65,12.42766825,46.57257019,9.9112,18.48778994,41.91531317,130.5095528
0,0.36,0.31,13,0.65,12.17752262,49.56369066,9.9112,18.48779474,44.6073216,133.2487576
0,0.28,0.38,13,0.65,14.97637194,42.68225678,9.9112,18.37852134,38.4140311,129.6714026
0,0.32,0.38,13,0.65,14.55803246,45.74428049,9.9112,18.37165807,41.16985244,132.2687954
0,0.36,0.38,13,0.65,14.27258651,48.71630269,9.9112,18.37166147,43.84467242,134.9496716
0,0.28,0.31,20,0.65,12.99663021,42.2121901,9.9112,18.50753204,37.99097109,126.7949832
0,0.32,0.31,20,0.65,12.42590325,45.33439573,9.9112,18.48778994,40.80095616,129.2423996
0,0.36,0.31,20,0.65,12.16915728,48.32777182,9.9112,18.48779474,43.49499464,131.9756713
0,0.28,0.38,20,0.65,14.99360295,41.49448879,9.9112,18.37852134,37.34503991,128.4807693
0,0.32,0.38,20,0.65,14.57010155,44.53002034,9.9112,18.37165807,40.0770183,131.0429668
0,0.36,0.38,20,0.65,14.2787114,47.47881824,9.9112,18.37166147,42.73093642,133.6914206
0.2,0.28,0.31,6,0.3,9.837296516,36.67024632,8.523632,18.98729883,38.37583917,116.2423853
0.2,0.32,0.31,6,0.3,9.592172828,37.97718704,8.523632,18.96628287,39.74356783,117.2426146
0.2,0.36,0.31,6,0.3,9.4909567,39.20045687,8.523632,18.96628693,41.02373393,118.3606603
0.2,0.28,0.38,6,0.3,10.76324377,36.34058305,8.523632,18.79192158,38.03084273,116.9073436
0.2,0.32,0.38,6,0.3,10.59583425,37.5914148,8.523632,18.78414561,39.33985269,117.9644032
0.2,0.36,0.38,6,0.3,10.48431331,38.79905497,8.523632,18.78414848,40.60366218,119.0552779
0.2,0.28,0.31,13,0.3,9.723859358,30.69278276,8.523632,18.98729883,32.12035405,110.0056359
0.2,0.32,0.31,13,0.3,9.450230555,31.93609807,8.523632,18.96628287,33.42149799,110.8977547
0.2,0.36,0.31,13,0.3,9.38566216,33.10398284,8.523632,18.96628693,34.64370298,112.0071079
0.2,0.32,0.38,13,0.3,10.49787929,31.58947415,8.523632,18.78414561,33.05875201,111.7097911
0.2,0.36,0.38,13,0.3,10.42161934,32.73283754,8.523632,18.78414848,34.2552951,112.7831666
0.2,0.28,0.31,20,0.3,9.737148694,28.71056076,8.523632,18.98729883,30.04593568,108.0312855
0.2,0.32,0.31,20,0.3,9.451091423,29.92116088,8.523632,18.96628287,31.31284278,108.8588859
0.2,0.36,0.31,20,0.3,9.318083198,31.06668858,8.523632,18.96628693,32.51165084,109.8439052
0.2,0.28,0.38,20,0.3,10.71167291,28.40590555,8.523632,18.79192158,29.72711046,108.7732793
0.2,0.32,0.38,20,0.3,10.50030579,29.57726845,8.523632,18.78414561,30.95295535,109.6790609
0.2,0.36,0.38,20,0.3,10.36702489,30.71401674,8.523632,18.78414848,32.14257566,110.6570872
0.2,0.28,0.31,6,0.35,10.29891102,37.1972415,8.523632,18.88203511,38.92734576,117.2797557
0.2,0.32,0.31,6,0.35,10.01424434,38.71658709,8.523632,18.86038011,40.51735858,118.4462969
0.2,0.36,0.31,6,0.35,9.892651455,40.13845733,8.523632,18.86038475,42.00536232,119.7453967
0.2,0.28,0.38,6,0.35,11.38070164,36.78972988,8.523632,18.69594647,38.5008801,118.0697764
0.2,0.36,0.38,6,0.35,11.04860375,39.66797497,8.523632,18.68838434,41.51299706,120.5853131
0.2,0.28,0.31,13,0.35,10.19773005,31.63027282,8.523632,18.88203511,33.1014483,111.4685756
0.2,0.32,0.31,13,0.35,9.940393538,33.06512736,8.523632,18.86038011,34.60304026,112.5849961
0.2,0.36,0.31,13,0.35,9.801094868,34.43623479,8.523632,18.86038475,36.03792013,113.8042594
0.2,0.28,0.38,13,0.35,11.32123464,31.26698642,8.523632,18.69594647,32.72126485,112.3551416
0.2,0.32,0.38,13,0.35,11.15173823,32.66139357,8.523632,18.68838109,34.18052816,113.5583212
0.2,0.36,0.38,13,0.35,10.99778702,34.02593968,8.523632,18.68838434,35.60854152,114.7546441
0.2,0.28,0.31,20,0.35,10.20379812,29.75881209,8.523632,18.88203511,31.14294288,109.5829772
0.2,0.32,0.31,20,0.35,9.876443615,31.18818324,8.523632,18.86038011,32.63879641,110.5902816
0.2,0.36,0.31,20,0.35,9.78704083,32.52544218,8.523632,18.86038475,34.03825345,111.838622
0.2,0.28,0.38,20,0.35,11.33701238,29.40945275,8.523632,18.69594647,30.77733427,110.4945206
0.2,0.32,0.38,20,0.35,11.10668201,30.79252721,8.523632,18.68838109,32.22473778,111.5965717
0.2,0.36,0.38,20,0.35,10.99989805,32.12605543,8.523632,18.68838434,33.62029057,112.8209175
0.2,0.28,0.31,6,0.4,10.75416442,37.72614645,8.523632,18.79365308,39.48085094,118.3259266
0.2,0.32,0.31,6,0.4,10.42566883,39.46107561,8.523632,18.77217437,41.29647447,119.6611866
0.2,0.36,0.31,6,0.4,10.28696604,41.08420425,8.523632,18.77217848,42.99509747,121.1458394
0.2,0.28,0.38,6,0.4,11.98845493,37.28486812,8.523632,18.61939636,39.01904803,119.2871709
0.2,0.32,0.38,6,0.4,11.76049781,38.93506383,8.523632,18.61202254,40.74599704,120.6793426
0.2,0.36,0.38,6,0.4,11.60294879,40.53738323,8.523632,18.61202541,42.42284292,122.120562
0.2,0.28,0.31,13,0.4,10.71503661,32.55718858,8.523632,18.79365308,34.07147642,112.9994761
0.2,0.32,0.31,13,0.4,10.36271701,34.22315625,8.523632,18.77217437,35.81493095,114.2306277
0.2,0.36,0.31,13,0.4,10.20386814,35.79278124,8.523632,18.77217848,37.45756176,115.6292555
0.2,0.28,0.38,13,0.4,11.99261464,32.16486359,8.523632,18.61939636,33.66090376,114.0651985
0.2,0.32,0.38,13,0.4,11.73874918,33.76006776,8.523632,18.61202254,35.33030347,115.3614457
0.2,0.36,0.38,13,0.4,11.56237296,35.29910567,8.523632,18.61202541,36.94092454,116.7112835
0.2,0.28,0.31,20,0.4,10.66506726,30.8404007,8.523632,18.79365308,32.27483795,111.186549
0.2,0.32,0.31,20,0.4,10.35685996,32.46659642,8.523632,18.77217437,33.97667068,112.432716
0.2,0.36,0.31,20,0.4,10.19358951,34.009566,8.523632,18.77217848,35.59140627,113.7973897
0.2,0.28,0.38,20,0.4,11.96357112,30.45121601,8.523632,18.61939636,31.86755164,112.2828081
0.2,0.32,0.38,20,0.4,11.74842773,32.0175961,8.523632,18.61202254,33.50678661,113.5992141
0.2,0.36,0.38,20,0.4,11.56633548,33.53963842,8.523632,18.61202541,35.0996216,114.9189807
0.2,0.28,0.31,6,0.45,11.20938182,38.2226253,8.523632,18.72136364,40.00042183,119.3533231
0.2,0.32,0.31,6,0.45,10.83754092,40.17970545,8.523632,18.70034433,42.04852896,120.8646448
0.2,0.36,0.31,6,0.45,10.68076319,42.02188592,8.523632,18.70034808,43.97639224,122.5529268
0.2,0.28,0.38,6,0.45,12.59111204,37.77578771,8.523632,18.55704791,39.53280109,120.5069712
0.2,0.32,0.38,6,0.45,12.3305526,39.6375851,8.523632,18.54975092,41.48119371,122.0782274
0.2,0.36,0.38,6,0.45,12.15163529,41.43819454,8.523632,18.54975373,43.36555242,123.6976312
0.2,0.28,0.31,13,0.45,11.18146576,33.49315029,8.523632,18.72136364,35.05097123,114.4870159
0.2,0.32,0.31,13,0.45,10.78307891,35.37959464,8.523632,18.70034433,37.02515718,115.8891177
0.2,0.36,0.31,13,0.45,10.60697022,37.15661549,8.523632,18.70034808,38.88483016,117.4784222
0.2,0.28,0.38,13,0.45,12.60268356,33.07811537,8.523632,18.55704791,34.61663237,115.7200814
0.2,0.32,0.38,13,0.45,12.32034089,34.8716387,8.523632,18.54975092,36.49357538,117.1885322
0.2,0.36,0.38,13,0.45,12.12226533,36.60577248,8.523632,18.54975373,38.30836655,118.7102084
0.2,0.28,0.31,20,0.45,11.18426697,31.89742339,8.523632,18.72136364,33.38102448,112.8661672
0.2,0.32,0.31,20,0.45,10.77791534,33.75868975,8.523632,18.70034433,35.32886137,114.2277147
0.2,0.36,0.31,20,0.45,10.59351768,35.51617743,8.523632,18.70034808,37.16809266,115.7879584
0.2,0.28,0.38,20,0.45,12.57616539,31.49836617,8.523632,18.55704759,32.96340645,114.0725913
0.2,0.32,0.38,20,0.45,12.32974375,33.26916685,8.523632,18.54975092,34.81656996,115.5640562
0.2,0.36,0.38,20,0.45,12.12594279,34.98491212,8.523632,18.54975373,36.61211734,117.0585505
0.2,0.28,0.31,6,0.5,11.6653283,38.75846326,8.523632,18.65798912,40.56118248,120.4323776
0.2,0.32,0.31,6,0.5,11.24636449,40.91436384,8.523632,18.63721111,42.8173575,122.0911808
0.2,0.36,0.31,6,0.5,11.06993734,42.93783359,8.523632,18.6372148,44.93494213,123.9413212
0.2,0.28,0.38,6,0.5,13.18816106,38.26770771,8.523632,18.5029531,40.04760109,121.7282196
0.2,0.32,0.38,6,0.5,12.89562799,40.33998732,8.523632,18.49578372,42.2162658,123.4762106
0.2,0.36,0.38,6,0.5,12.69560179,42.33089551,8.523632,18.49578646,44.29977437,125.2659708
0.2,0.28,0.31,13,0.5,11.6418586,34.44558455,8.523632,18.65798912,36.04770476,115.9935606
0.2,0.32,0.31,13,0.5,11.20021939,36.52092399,8.523632,18.63721111,38.21957162,117.5361807
0.2,0.36,0.31,13,0.5,11.00826403,38.48713052,8.523632,18.6372148,40.27722961,119.3003009
0.2,0.28,0.38,13,0.5,13.21144932,33.98626514,8.523632,18.5029531,35.56702166,117.3782917
0.2,0.32,0.38,13,0.5,12.89343437,35.99056048,8.523632,18.49578372,37.66454004,119.0204408
0.2,0.36,0.38,13,0.5,12.67748258,37.91839437,8.523632,18.49578646,39.68204062,120.7202401
0.2,0.28,0.31,20,0.5,11.64630504,32.99322245,8.523632,18.65798912,34.52779093,114.5172958
0.2,0.32,0.31,20,0.5,11.19757242,35.04593811,8.523632,18.63721111,36.67598174,116.0277608
0.2,0.36,0.31,20,0.5,10.99540072,36.98393932,8.523632,18.6372148,38.70412254,117.7479452
0.2,0.28,0.38,20,0.5,13.23139517,32.53255468,8.523632,18.5029531,34.04569675,115.9238809
0.2,0.32,0.38,20,0.5,12.90502331,34.52243037,8.523632,18.49578372,36.12812481,117.5334319
0.2,0.36,0.38,20,0.5,12.67917188,36.44117755,8.523632,18.49578646,38.13611604,119.20963
0.2,0.28,0.31,6,0.55,12.11142485,39.29672559,8.523632,18.60065745,41.12448027,121.5056748
0.2,0.32,0.31,6,0.55,11.64954817,41.66501862,8.523632,18.58017277,43.60292646,123.3318076
0.2,0.36,0.31,6,0.55,11.4524519,43.8783062,8.523632,18.5801761,45.91915765,125.3508956
0.2,0.28,0.38,6,0.55,13.77983671,38.76404089,8.523632,18.45514891,40.56701954,122.9528708
0.2,0.32,0.38,6,0.55,13.44883195,41.03620089,8.523632,18.44815152,42.9448614,124.8607063
0.2,0.36,0.38,6,0.55,13.22676274,43.21667785,8.523632,18.44815389,45.22675589,126.8184807
0.2,0.28,0.31,13,0.55,12.09704883,35.40529724,8.523632,18.60065745,37.05205525,117.5074498
0.2,0.32,0.31,13,0.55,11.6155184,37.69179629,8.523632,18.58017277,39.4449031,119.2177145
0.2,0.36,0.31,13,0.55,11.40136469,39.86371389,8.523632,18.5801761,41.71784012,121.1669729
0.2,0.28,0.38,13,0.55,13.8080473,34.91178455,8.523632,18.45514891,36.53558848,119.0450203
0.2,0.32,0.38,13,0.55,13.45924385,37.10671863,8.523632,18.44815152,38.83261252,120.846364
0.2,0.36,0.38,13,0.55,13.21782891,39.23813482,8.523632,18.44815389,41.06316434,122.7256528
0.2,0.28,0.31,20,0.55,12.10252966,34.08361472,8.523632,18.60065745,35.66889912,116.1633022
0.2,0.32,0.31,20,0.55,11.60998484,36.35373974,8.523632,18.58017277,38.04461136,117.8434173
0.2,0.36,0.31,20,0.55,11.393758,38.49810617,8.523632,18.5801761,40.28871576,119.7596573
0.2,0.28,0.38,20,0.55,13.82773527,33.5969446,8.523632,18.45514891,35.15959319,117.7290084
0.2,0.32,0.38,20,0.55,13.47001026,35.78736883,8.523632,18.44815152,37.45189761,119.5090192
0.2,0.36,0.38,20,0.55,13.22179527,37.89236052,8.523632,18.44815389,39.65479589,121.3516496
0.2,0.28,0.31,6,0.6,12.55600968,39.83596405,8.523632,18.55102132,41.68879958,122.5866121
0.2,0.32,0.31,6,0.6,12.05280613,42.40808784,8.523632,18.53086965,44.38055705,124.5702694
0.2,0.36,0.31,6,0.6,11.83499881,44.81192909,8.523632,18.53087275,46.89620486,126.7617638
0.2,0.28,0.38,6,0.6,14.36271479,39.26067461,8.523632,18.41430453,41.0867525,124.1736272
0.2,0.32,0.38,6,0.6,13.99892537,41.7318668,8.523632,18.4073957,43.67288386,126.2450738
0.2,0.36,0.38,6,0.6,13.75442034,44.09930572,8.523632,18.40739782,46.15043622,128.3698054
0.2,0.28,0.31,13,0.6,12.54894094,36.37050239,8.523632,18.55102132,38.06215366,119.0302304
0.2,0.32,0.31,13,0.6,12.02633538,38.86278721,8.523632,18.53086965,40.67035871,120.9017269
0.2,0.36,0.31,13,0.6,11.79195865,41.24422642,8.523632,18.53087275,43.16256253,123.045067
0.2,0.28,0.38,13,0.6,14.39550886,35.83570673,8.523632,18.41430453,37.50248379,120.7039884
0.2,0.32,0.38,13,0.6,14.01698291,38.2210104,8.523632,18.4073957,39.99873182,122.6665089
0.2,0.36,0.38,13,0.6,13.75067602,40.57259013,8.523632,18.40739782,42.45968734,124.7421334
0.2,0.28,0.31,20,0.6,12.55480133,35.19644213,8.523632,18.55102132,36.83348595,117.8366039
0.2,0.32,0.31,20,0.6,12.02210119,37.66853638,8.523632,18.53086965,39.42056133,119.6763518
0.2,0.36,0.31,20,0.6,11.78357996,40.02678764,8.523632,18.53087275,41.88849869,121.7866119
0.2,0.28,0.38,20,0.6,14.41513076,34.66639825,8.523632,18.41430453,36.27878887,119.5345315
0.2,0.32,0.38,20,0.6,14.02648838,37.04264574,8.523632,18.4073957,38.76555949,121.4720829
0.2,0.36,0.38,20,0.6,13.75720417,39.37013963,8.523632,18.40739782,41.20130891,123.5175104
0.2,0.28,0.31,6,0.65,12.99353473,40.38459143,8.523632,18.50753204,42.26294452,123.6731186
0.2,0.32,0.31,6,0.65,12.44772626,43.14928898,8.523632,18.48778994,45.15623265,125.8039417
0.2,0.36,0.31,6,0.65,12.21075752,45.74578581,8.523632,18.48779474,47.87349678,128.1706686
0.2,0.28,0.38,6,0.65,14.93725991,39.73149797,8.523632,18.37852134,41.57947462,125.3598758
0.2,0.32,0.38,6,0.65,14.54214205,42.40691473,8.523632,18.37165807,44.37932937,127.6060916
0.2,0.36,0.38,6,0.65,14.27044482,44.98787336,8.523632,18.37166147,47.08033258,129.9175826
0.2,0.28,0.31,13,0.65,12.99303446,37.33386239,8.523632,18.50753204,39.07032111,120.548657
0.2,0.32,0.31,13,0.65,12.42766825,40.05241036,8.523632,18.48778994,41.91531317,122.6018249
0.2,0.36,0.31,13,0.65,12.17752262,42.62477397,8.523632,18.48779474,44.6073216,124.9222729
0.2,0.28,0.38,13,0.65,14.97637194,36.70674083,8.523632,18.37852134,38.4140311,122.3083187
0.2,0.32,0.38,13,0.65,14.55803246,39.34008122,8.523632,18.37165807,41.16985244,124.4770281
0.2,0.36,0.38,13,0.65,14.27258651,41.89602031,8.523632,18.37166147,43.84467242,126.7418212
0.2,0.28,0.31,20,0.65,12.99663021,36.30248348,8.523632,18.50753204,37.99097109,119.4977086
0.2,0.32,0.31,20,0.65,12.42590325,38.98758033,8.523632,18.48778994,40.80095616,121.5080162
0.2,0.36,0.31,20,0.65,12.16915728,41.56188377,8.523632,18.48779474,43.49499464,123.8222152
0.2,0.28,0.38,20,0.65,14.99360295,35.68526036,8.523632,18.37852134,37.34503991,121.2839729
0.2,0.32,0.38,20,0.65,14.57010155,38.29581749,8.523632,18.37165807,40.0770183,123.421196
0.2,0.36,0.38,20,0.65,14.2787114,40.83178369,8.523632,18.37166147,42.73093642,125.656818
0.4,0.28,0.31,6,0.3,9.837296516,30.70067133,7.136064,18.98729883,38.37583917,108.8852423
0.4,0.32,0.31,6,0.3,9.592172828,31.79485427,7.136064,18.96628287,39.74356783,109.6727138
0.4,0.36,0.31,6,0.3,9.4909567,32.81898714,7.136064,18.96628693,41.02373393,110.5916226
0.4,0.28,0.38,6,0.3,10.76324377,30.42467418,7.136064,18.79192158,38.03084273,109.6038667
0.4,0.32,0.38,6,0.3,10.59583425,31.47188215,7.136064,18.78414561,39.33985269,110.4573025
0.4,0.36,0.38,6,0.3,10.48431331,32.48292974,7.136064,18.78414848,40.60366218,111.3515847
0.4,0.28,0.31,13,0.3,9.723859358,25.69628324,7.136064,18.98729883,32.12035405,103.6215684
0.4,0.32,0.31,13,0.3,9.450230555,26.73719839,7.136064,18.96628287,33.42149799,104.311287
0.4,0.36,0.31,13,0.3,9.38566216,27.71496238,7.136064,18.96628693,34.64370298,105.2305194
0.4,0.32,0.38,13,0.3,10.49787929,26.44700161,7.136064,18.78414561,33.05875201,105.1797506
0.4,0.36,0.38,13,0.3,10.42161934,27.40423608,7.136064,18.78414848,34.2552951,106.0669972
0.4,0.28,0.31,20,0.3,9.737148694,24.03674854,7.136064,18.98729883,30.04593568,101.9699053
0.4,0.32,0.31,20,0.3,9.451091423,25.05027422,7.136064,18.96628287,31.31284278,102.6004313
0.4,0.36,0.31,20,0.3,9.318083198,26.00932067,7.136064,18.96628693,32.51165084,103.3989693
0.4,0.28,0.38,20,0.3,10.71167291,23.78168837,7.136064,18.79192158,29.72711046,102.7614941
0.4,0.32,0.38,20,0.3,10.50030579,24.76236428,7.136064,18.78414561,30.95295535,103.4765887
0.4,0.36,0.38,20,0.3,10.36702489,25.71406053,7.136064,18.78414848,32.14257566,104.269563
0.4,0.28,0.31,6,0.35,10.29891102,31.14187661,7.136064,18.88203511,38.92734576,109.8368228
0.4,0.32,0.31,6,0.35,10.01424434,32.41388687,7.136064,18.86038011,40.51735858,110.7560287
0.4,0.36,0.31,6,0.35,9.892651455,33.60428986,7.136064,18.86038475,42.00536232,111.8236612
0.4,0.28,0.38,6,0.35,11.38070164,30.80070408,7.136064,18.69594647,38.5008801,110.6931826
0.4,0.36,0.38,6,0.35,11.04860375,33.21039765,7.136064,18.68838434,41.51299706,112.7401678
0.4,0.28,0.31,13,0.35,10.19773005,26.48115864,7.136064,18.88203511,33.1014483,104.9318934
0.4,0.32,0.31,13,0.35,9.940393538,27.68243221,7.136064,18.86038011,34.60304026,105.8147329
0.4,0.36,0.31,13,0.35,9.801094868,28.83033611,7.136064,18.86038475,36.03792013,106.8107927
0.4,0.28,0.38,13,0.35,11.32123464,26.17701188,7.136064,18.69594647,32.72126485,105.8775991
0.4,0.32,0.38,13,0.35,11.15173823,27.34442252,7.136064,18.68838109,34.18052816,106.8537822
0.4,0.36,0.38,13,0.35,10.99778702,28.48683322,7.136064,18.68838434,35.60854152,107.8279696
0.4,0.28,0.31,20,0.35,10.20379812,24.91435431,7.136064,18.88203511,31.14294288,103.3509514
0.4,0.32,0.31,20,0.35,9.876443615,26.11103713,7.136064,18.86038011,32.63879641,104.1255675
0.4,0.36,0.31,20,0.35,9.78704083,27.23060276,7.136064,18.86038475,34.03825345,105.1562146
0.4,0.28,0.38,20,0.35,11.33701238,24.62186742,7.136064,18.69594647,30.77733427,104.3193673
0.4,0.32,0.38,20,0.35,11.10668201,25.77979023,7.136064,18.68838109,32.22473778,105.1962667
0.4,0.36,0.38,20,0.35,10.99989805,26.89623246,7.136064,18.68838434,33.62029057,106.2035266
0.4,0.28,0.31,6,0.4,10.75416442,31.58468075,7.136064,18.79365308,39.48085094,110.7968929
0.4,0.32,0.31,6,0.4,10.42566883,33.03717958,7.136064,18.77217437,41.29647447,111.8497226
0.4,0.36,0.31,6,0.4,10.28696604,34.39607797,7.136064,18.77217848,42.99509747,113.0701452
0.4,0.28,0.38,6,0.4,11.98845493,31.21523843,7.136064,18.61939636,39.01904803,111.8299732
0.4,0.32,0.38,6,0.4,11.76049781,32.59679763,7.136064,18.61202254,40.74599704,112.9535084
0.4,0.36,0.38,6,0.4,11.60294879,33.93827434,7.136064,18.61202541,42.42284292,114.1338851
0.4,0.28,0.31,13,0.4,10.71503661,27.25718114,7.136064,18.79365308,34.07147642,106.3119007
0.4,0.32,0.31,13,0.4,10.36271701,28.65194476,7.136064,18.77217437,35.81493095,107.2718482
0.4,0.36,0.31,13,0.4,10.20386814,29.96604941,7.136064,18.77217848,37.45756176,108.4149556
0.4,0.28,0.38,13,0.4,11.99261464,26.92872301,7.136064,18.61939636,33.66090376,107.4414899
0.4,0.32,0.38,13,0.4,11.73874918,28.26424278,7.136064,18.61202254,35.33030347,108.4780528
0.4,0.36,0.38,13,0.4,11.56237296,29.55273963,7.136064,18.61202541,36.94092454,109.5773495
0.4,0.28,0.31,20,0.4,10.66506726,25.81987036,7.136064,18.79365308,32.27483795,104.7784506
0.4,0.32,0.31,20,0.4,10.35685996,27.18133654,7.136064,18.77217437,33.97667068,105.7598881
0.4,0.36,0.31,20,0.4,10.19358951,28.47312502,7.136064,18.77217848,35.59140627,106.8733808
0.4,0.28,0.38,20,0.4,11.96357112,25.49404131,7.136064,18.61939636,31.86755164,105.9380654
0.4,0.32,0.38,20,0.4,11.74842773,26.80542929,7.136064,18.61202254,33.50678661,106.9994793
0.4,0.36,0.38,20,0.4,11.56633548,28.07969728,7.136064,18.61202541,35.0996216,108.0714716
0.4,0.28,0.31,6,0.45,11.20938182,32.00033746,7.136064,18.72136364,40.00042183,111.7434673
0.4,0.32,0.31,6,0.45,10.83754092,33.63882317,7.136064,18.70034433,42.04852896,112.9361946
0.4,0.36,0.31,6,0.45,10.68076319,35.1811138,7.136064,18.70034808,43.97639224,114.3245867
0.4,0.28,0.38,6,0.45,12.59111204,31.62624087,7.136064,18.55704791,39.53280109,112.9698564
0.4,0.32,0.38,6,0.45,12.3305526,33.18495496,7.136064,18.54975092,41.48119371,114.2380292
0.4,0.36,0.38,6,0.45,12.15163529,34.69244194,7.136064,18.54975373,43.36555242,115.5643106
0.4,0.28,0.31,13,0.45,11.18146576,28.04077699,7.136064,18.72136364,35.05097123,107.6470746
0.4,0.32,0.31,13,0.45,10.78307891,29.62012574,7.136064,18.70034433,37.02515718,108.7420808
0.4,0.36,0.31,13,0.45,10.60697022,31.10786413,7.136064,18.70034808,38.88483016,110.0421028
0.4,0.28,0.38,13,0.45,12.60268356,27.6933059,7.136064,18.55704791,34.61663237,108.9477039
0.4,0.32,0.38,13,0.45,12.32034089,29.19486031,7.136064,18.54975092,36.49357538,110.1241859
0.4,0.36,0.38,13,0.45,12.12226533,30.64669324,7.136064,18.54975373,38.30836655,111.3635611
0.4,0.28,0.31,20,0.45,11.18426697,26.70481959,7.136064,18.72136364,33.38102448,106.2859954
0.4,0.32,0.31,20,0.45,10.77791534,28.26308909,7.136064,18.70034433,35.32886137,107.3445461
0.4,0.36,0.31,20,0.45,10.59351768,29.73447413,7.136064,18.70034808,37.16809266,108.618687
0.4,0.28,0.38,20,0.45,12.57616539,26.37072516,7.136064,18.55704759,32.96340645,107.5573823
0.4,0.32,0.38,20,0.45,12.32974375,27.85325597,7.136064,18.54975092,34.81656996,108.7605773
0.4,0.36,0.38,20,0.45,12.12594279,29.28969387,7.136064,18.54975373,36.61211734,109.9757642
0.4,0.28,0.31,6,0.5,11.6653283,32.44894599,7.136064,18.65798912,40.56118248,112.7352923
0.4,0.32,0.31,6,0.5,11.24636449,34.253886,7.136064,18.63721111,42.8173575,114.043135
0.4,0.36,0.31,6,0.5,11.06993734,35.9479537,7.136064,18.6372148,44.93494213,115.5638733
0.4,0.28,0.38,6,0.5,13.18816106,32.03808087,7.136064,18.5029531,40.04760109,114.1110248
0.4,0.32,0.38,6,0.5,12.89562799,33.77301264,7.136064,18.49578372,42.2162658,115.5216679
0.4,0.36,0.38,6,0.5,12.69560179,35.43981949,7.136064,18.49578646,44.29977437,116.9873268
0.4,0.28,0.31,13,0.5,11.6418586,28.83816381,7.136064,18.65798912,36.04770476,108.9985719
0.4,0.32,0.31,13,0.5,11.20021939,30.57565729,7.136064,18.63721111,38.21957162,110.203346
0.4,0.36,0.31,13,0.5,11.00826403,32.22178369,7.136064,18.6372148,40.27722961,111.647386
0.4,0.28,0.38,13,0.5,13.21144932,28.45361733,7.136064,18.5029531,35.56702166,110.4580758
0.4,0.32,0.38,13,0.5,12.89343437,30.13163203,7.136064,18.49578372,37.66454004,111.7739444
0.4,0.36,0.38,13,0.5,12.67748258,31.7456325,7.136064,18.49578646,39.68204062,113.1599102
0.4,0.28,0.31,20,0.5,11.64630504,27.62223275,7.136064,18.65798912,34.52779093,107.7587381
0.4,0.32,0.31,20,0.5,11.19757242,29.34078539,7.136064,18.63721111,36.67598174,108.9350401
0.4,0.36,0.31,20,0.5,10.99540072,30.96329804,7.136064,18.6372148,38.70412254,110.3397359
0.4,0.28,0.38,20,0.5,13.23139517,27.2365574,7.136064,18.5029531,34.04569675,109.2403156
0.4,0.32,0.38,20,0.5,12.90502331,28.90249985,7.136064,18.49578372,36.12812481,110.5259334
0.4,0.36,0.38,20,0.5,12.67917188,30.50889284,7.136064,18.49578646,38.13611604,111.8897773
0.4,0.28,0.31,6,0.55,12.11142485,32.89958421,7.136064,18.60065745,41.12448027,113.7209654
0.4,0.32,0.31,6,0.55,11.64954817,34.88234117,7.136064,18.58017277,43.60292646,115.1615621
0.4,0.36,0.31,6,0.55,11.4524519,36.73532612,7.136064,18.5801761,45.91915765,116.8203475
0.4,0.28,0.38,6,0.55,13.77983671,32.45361563,7.136064,18.45514891,40.56701954,115.2548776
0.4,0.32,0.38,6,0.55,13.44883195,34.35588912,7.136064,18.44815152,42.9448614,116.7928265
0.4,0.36,0.38,6,0.55,13.22676274,36.18140471,7.136064,18.44815389,45.22675589,118.3956396
0.4,0.28,0.31,13,0.55,12.09704883,29.6416442,7.136064,18.60065745,37.05205525,110.3562288
0.4,0.32,0.31,13,0.55,11.6155184,31.55592248,7.136064,18.58017277,39.4449031,111.6942727
0.4,0.36,0.31,13,0.55,11.40136469,33.3742721,7.136064,18.5801761,41.71784012,113.2899632
0.4,0.28,0.38,13,0.55,13.8080473,29.22847078,7.136064,18.45514891,36.53558848,111.9741385
0.4,0.32,0.38,13,0.55,13.45924385,31.06609001,7.136064,18.44815152,38.83261252,113.4181673
0.4,0.36,0.38,13,0.55,13.21782891,32.85053148,7.136064,18.44815389,41.06316434,114.9504815
0.4,0.28,0.31,20,0.55,12.10252966,28.5351193,7.136064,18.60065745,35.66889912,109.2272387
0.4,0.32,0.31,20,0.55,11.60998484,30.43568909,7.136064,18.58017277,38.04461136,110.5377987
0.4,0.36,0.31,20,0.55,11.393758,32.23097261,7.136064,18.5801761,40.28871576,112.1049558
0.4,0.28,0.38,20,0.55,13.82773527,28.12767455,7.136064,18.45514891,35.15959319,110.8721703
0.4,0.32,0.38,20,0.55,13.47001026,29.96151809,7.136064,18.44815152,37.45189761,112.2956005
0.4,0.36,0.38,20,0.55,13.22179527,31.72383671,7.136064,18.44815389,39.65479589,113.7955578
0.4,0.28,0.31,6,0.6,12.55600968,33.35103967,7.136064,18.55102132,41.68879958,114.7141198
0.4,0.32,0.31,6,0.6,12.05280613,35.50444564,7.136064,18.53086965,44.38055705,116.2790592
0.4,0.36,0.31,6,0.6,11.83499881,37.51696389,7.136064,18.53087275,46.89620486,118.0792306
0.4,0.28,0.38,6,0.6,14.36271479,32.869402,7.136064,18.41430453,41.0867525,116.3947866
0.4,0.32,0.38,6,0.6,13.99892537,34.93830709,7.136064,18.4073957,43.67288386,118.0639461
0.4,0.36,0.38,6,0.6,13.75442034,36.92034897,7.136064,18.40739782,46.15043622,119.8032807
0.4,0.28,0.31,13,0.6,12.54894094,30.44972293,7.136064,18.55102132,38.06215366,111.721883
0.4,0.32,0.31,13,0.6,12.02633538,32.53628697,7.136064,18.53086965,40.67035871,113.1876586
0.4,0.36,0.31,13,0.6,11.79195865,34.53005003,7.136064,18.53087275,43.16256253,114.9433226
0.4,0.28,0.38,13,0.6,14.39550886,30.00198703,7.136064,18.41430453,37.50248379,113.4827007
0.4,0.32,0.38,13,0.6,14.01698291,31.99898545,7.136064,18.4073957,39.99873182,115.0569159
0.4,0.36,0.38,13,0.6,13.75067602,33.96774988,7.136064,18.40739782,42.45968734,116.7497251
0.4,0.28,0.31,20,0.6,12.55480133,29.46678876,7.136064,18.55102132,36.83348595,110.7193826
0.4,0.32,0.31,20,0.6,12.02210119,31.53644906,7.136064,18.53086965,39.42056133,112.1566965
0.4,0.36,0.31,20,0.6,11.78357996,33.51079895,7.136064,18.53087275,41.88849869,113.8830552
0.4,0.28,0.38,20,0.6,14.41513076,29.02303109,7.136064,18.41430453,36.27878887,112.5035963
0.4,0.32,0.38,20,0.6,14.02648838,31.0124476,7.136064,18.4073957,38.76555949,114.0543168
0.4,0.36,0.38,20,0.6,13.75720417,32.96104713,7.136064,18.40739782,41.20130891,115.7208499
0.4,0.28,0.31,6,0.65,12.99353473,33.81035561,7.136064,18.50753204,42.26294452,115.7113148
0.4,0.32,0.31,6,0.65,12.44772626,36.12498612,7.136064,18.48778994,45.15623265,117.3920709
0.4,0.36,0.31,6,0.65,12.21075752,38.29879743,7.136064,18.48779474,47.87349678,119.3361122
0.4,0.28,0.38,6,0.65,14.93725991,33.2635797,7.136064,18.37852134,41.57947462,117.5043895
0.4,0.32,0.38,6,0.65,14.54214205,35.5034635,7.136064,18.37165807,44.37932937,119.3150723
0.4,0.36,0.38,6,0.65,14.27044482,37.66426607,7.136064,18.37166147,47.08033258,121.2064073
0.4,0.28,0.31,13,0.65,12.99303446,31.25625689,7.136064,18.50753204,39.07032111,113.0834835
0.4,0.32,0.31,13,0.65,12.42766825,33.53225053,7.136064,18.48778994,41.91531317,114.6940971
0.4,0.36,0.31,13,0.65,12.17752262,35.68585728,7.136064,18.48779474,44.6073216,116.5957883
0.4,0.28,0.38,13,0.65,14.97637194,30.73122488,7.136064,18.37852134,38.4140311,114.9452347
0.4,0.32,0.38,13,0.65,14.55803246,32.93588195,7.136064,18.37165807,41.16985244,116.6852608
0.4,0.36,0.38,13,0.65,14.27258651,35.07573794,7.136064,18.37166147,43.84467242,118.5339708
0.4,0.28,0.31,20,0.65,12.99663021,30.39277687,7.136064,18.50753204,37.99097109,112.200434
0.4,0.32,0.31,20,0.65,12.42590325,32.64076493,7.136064,18.48778994,40.80095616,113.7736328
0.4,0.36,0.31,20,0.65,12.16915728,34.79599571,7.136064,18.48779474,43.49499464,115.6687591
0.4,0.28,0.38,20,0.65,14.99360295,29.87603193,7.136064,18.37852134,37.34503991,114.0871764
0.4,0.32,0.38,20,0.65,14.57010155,32.06161464,7.136064,18.37165807,40.0770183,115.7994251
0.4,0.36,0.38,20,0.65,14.2787114,34.18474913,7.136064,18.37166147,42.73093642,117.6222154
0.6,0.28,0.31,6,0.3,9.837296516,24.73109635,5.748496,18.98729883,38.37583917,101.5280994
0.6,0.32,0.31,6,0.3,9.592172828,25.61252149,5.748496,18.96628287,39.74356783,102.102813
0.6,0.36,0.31,6,0.3,9.4909567,26.43751742,5.748496,18.96628693,41.02373393,102.8225849
0.6,0.28,0.38,6,0.3,10.76324377,24.50876532,5.748496,18.79192158,38.03084273,102.3003898
0.6,0.32,0.38,6,0.3,10.59583425,25.35234951,5.748496,18.78414561,39.33985269,102.9502019
0.6,0.36,0.38,6,0.3,10.48431331,26.16680452,5.748496,18.78414848,40.60366218,103.6478914
0.6,0.28,0.31,13,0.3,9.723859358,20.69978372,5.748496,18.98729883,32.12035405,97.23750086
0.6,0.32,0.31,13,0.3,9.450230555,21.5382987,5.748496,18.96628287,33.42149799,97.72481934
0.6,0.36,0.31,13,0.3,9.38566216,22.32594192,5.748496,18.96628693,34.64370298,98.45393095
0.6,0.32,0.38,13,0.3,10.49787929,21.30452908,5.748496,18.78414561,33.05875201,98.64971006
0.6,0.36,0.38,13,0.3,10.42161934,22.07563462,5.748496,18.78414848,34.2552951,99.35082771
0.6,0.28,0.31,20,0.3,9.737148694,19.36293633,5.748496,18.98729883,30.04593568,95.9085251
0.6,0.32,0.31,20,0.3,9.451091423,20.17938757,5.748496,18.96628287,31.31284278,96.34197664
0.6,0.36,0.31,20,0.3,9.318083198,20.95195276,5.748496,18.96628693,32.51165084,96.95403336
0.6,0.28,0.38,20,0.3,10.71167291,19.15747119,5.748496,18.79192158,29.72711046,96.7497089
0.6,0.32,0.38,20,0.3,10.50030579,19.94746012,5.748496,18.78414561,30.95295535,97.27411655
0.6,0.36,0.38,20,0.3,10.36702489,20.71410431,5.748496,18.78414848,32.14257566,97.8820388
0.6,0.28,0.31,6,0.35,10.29891102,25.08651171,5.748496,18.88203511,38.92734576,102.3938899
0.6,0.32,0.31,6,0.35,10.01424434,26.11118664,5.748496,18.86038011,40.51735858,103.0657604
0.6,0.36,0.31,6,0.35,9.892651455,27.07012239,5.748496,18.86038475,42.00536232,103.9019257
0.6,0.28,0.38,6,0.35,11.38070164,24.81167829,5.748496,18.69594647,38.5008801,103.3165888
0.6,0.36,0.38,6,0.35,11.04860375,26.75282033,5.748496,18.68838434,41.51299706,104.8950225
0.6,0.28,0.31,13,0.35,10.19773005,21.33204446,5.748496,18.88203511,33.1014483,98.39521123
0.6,0.32,0.31,13,0.35,9.940393538,22.29973706,5.748496,18.86038011,34.60304026,99.04446977
0.6,0.36,0.31,13,0.35,9.801094868,23.22443742,5.748496,18.86038475,36.03792013,99.81732598
0.6,0.28,0.38,13,0.35,11.32123464,21.08703735,5.748496,18.69594647,32.72126485,99.40005658
0.6,0.32,0.38,13,0.35,11.15173823,22.02745148,5.748496,18.68838109,34.18052816,100.1492431
0.6,0.36,0.38,13,0.35,10.99778702,22.94772676,5.748496,18.68838434,35.60854152,100.9012952
0.6,0.28,0.31,20,0.35,10.20379812,20.06989652,5.748496,18.88203511,31.14294288,97.11892559
0.6,0.32,0.31,20,0.35,9.876443615,21.03389102,5.748496,18.86038011,32.63879641,97.66085335
0.6,0.36,0.31,20,0.35,9.78704083,21.93576333,5.748496,18.86038475,34.03825345,98.47380716
0.6,0.28,0.38,20,0.35,11.33701238,19.83428209,5.748496,18.69594647,30.77733427,98.14421398
0.6,0.32,0.38,20,0.35,11.10668201,20.76705324,5.748496,18.68838109,32.22473778,98.79596176
0.6,0.36,0.38,20,0.35,10.99989805,21.66640948,5.748496,18.68838434,33.62029057,99.58613559
0.6,0.28,0.31,6,0.4,10.75416442,25.44321505,5.748496,18.79365308,39.48085094,103.2678592
0.6,0.32,0.31,6,0.4,10.42566883,26.61328355,5.748496,18.77217437,41.29647447,104.0382585
0.6,0.36,0.31,6,0.4,10.28696604,27.7079517,5.748496,18.77217848,42.99509747,104.9944509
0.6,0.28,0.38,6,0.4,11.98845493,25.14560873,5.748496,18.61939636,39.01904803,104.3727755
0.6,0.32,0.38,6,0.4,11.76049781,26.25853142,5.748496,18.61202254,40.74599704,105.2276742
0.6,0.36,0.38,6,0.4,11.60294879,27.33916544,5.748496,18.61202541,42.42284292,106.1472082
0.6,0.28,0.31,13,0.4,10.71503661,21.95717369,5.748496,18.79365308,34.07147642,99.62432526
0.6,0.32,0.31,13,0.4,10.36271701,23.08073328,5.748496,18.77217437,35.81493095,100.3130687
0.6,0.36,0.31,13,0.4,10.20386814,24.13931758,5.748496,18.77217848,37.45756176,101.2006558
0.6,0.28,0.38,13,0.4,11.99261464,21.69258242,5.748496,18.61939636,33.66090376,100.8177814
0.6,0.32,0.38,13,0.4,11.73874918,22.76841779,5.748496,18.61202254,35.33030347,101.5946598
0.6,0.36,0.38,13,0.4,11.56237296,23.80637359,5.748496,18.61202541,36.94092454,102.4434154
0.6,0.28,0.31,20,0.4,10.66506726,20.79934001,5.748496,18.79365308,32.27483795,98.3703523
0.6,0.32,0.31,20,0.4,10.35685996,21.89607666,5.748496,18.77217437,33.97667068,99.0870602
0.6,0.36,0.31,20,0.4,10.19358951,22.93668404,5.748496,18.77217848,35.59140627,99.94937179
0.6,0.28,0.38,20,0.4,11.96357112,20.53686661,5.748496,18.61939636,31.86755164,99.59332273
0.6,0.32,0.38,20,0.4,11.74842773,21.59326248,5.748496,18.61202254,33.50678661,100.3997445
0.6,0.36,0.38,20,0.4,11.56633548,22.61975614,5.748496,18.61202541,35.0996216,101.2239624
0.6,0.28,0.31,6,0.45,11.20938182,25.77804962,5.748496,18.72136364,40.00042183,104.1336115
0.6,0.32,0.31,6,0.45,10.83754092,27.09794088,5.748496,18.70034433,42.04852896,105.0077443
0.6,0.36,0.31,6,0.45,10.68076319,28.34034167,5.748496,18.70034808,43.97639224,106.0962465
0.6,0.28,0.38,6,0.45,12.59111204,25.47669404,5.748496,18.55704791,39.53280109,105.4327415
0.6,0.32,0.38,6,0.45,12.3305526,26.73232483,5.748496,18.54975092,41.48119371,106.3978311
0.6,0.36,0.38,6,0.45,12.15163529,27.94668934,5.748496,18.54975373,43.36555242,107.43099
0.6,0.28,0.31,13,0.45,11.18146576,22.58840368,5.748496,18.72136364,35.05097123,100.8071333
0.6,0.32,0.31,13,0.45,10.78307891,23.86065685,5.748496,18.70034433,37.02515718,101.5950439
0.6,0.36,0.31,13,0.45,10.60697022,25.05911277,5.748496,18.70034808,38.88483016,102.6057835
0.6,0.28,0.38,13,0.45,12.60268356,22.30849642,5.748496,18.55704791,34.61663237,102.1753264
0.6,0.32,0.38,13,0.45,12.32034089,23.51808191,5.748496,18.54975092,36.49357538,103.0598395
0.6,0.36,0.38,13,0.45,12.12226533,24.687614,5.748496,18.54975373,38.30836655,104.0169139
0.6,0.28,0.31,20,0.45,11.18426697,21.51221578,5.748496,18.72136364,33.38102448,99.70582359
0.6,0.32,0.31,20,0.45,10.77791534,22.76748844,5.748496,18.70034433,35.32886137,100.4613774
0.6,0.36,0.31,20,0.45,10.59351768,23.95277082,5.748496,18.70034808,37.16809266,101.4494157
0.6,0.28,0.38,20,0.45,12.57616539,21.24308416,5.748496,18.55704759,32.96340645,101.0421733
0.6,0.32,0.38,20,0.45,12.32974375,22.43734509,5.748496,18.54975092,34.81656996,101.9570984
0.6,0.36,0.38,20,0.45,12.12594279,23.59447562,5.748496,18.54975373,36.61211734,102.892978
0.6,0.28,0.31,6,0.5,11.6653283,26.13942871,5.748496,18.65798912,40.56118248,105.038207
0.6,0.32,0.31,6,0.5,11.24636449,27.59340817,5.748496,18.63721111,42.8173575,105.9950892
0.6,0.36,0.31,6,0.5,11.06993734,28.95807382,5.748496,18.6372148,44.93494213,107.1864254
0.6,0.28,0.38,6,0.5,13.18816106,25.80845404,5.748496,18.5029531,40.04760109,106.4938299
0.6,0.32,0.38,6,0.5,12.89562799,27.20603796,5.748496,18.49578372,42.2162658,107.5671252
0.6,0.36,0.38,6,0.5,12.69560179,28.54874348,5.748496,18.49578646,44.29977437,108.7086828
0.6,0.28,0.31,13,0.5,11.6418586,23.23074307,5.748496,18.65798912,36.04770476,102.0035831
0.6,0.32,0.31,13,0.5,11.20021939,24.6303906,5.748496,18.63721111,38.21957162,102.8705113
0.6,0.36,0.31,13,0.5,11.00826403,25.95643686,5.748496,18.6372148,40.27722961,103.9944712
0.6,0.28,0.38,13,0.5,13.21144932,22.92096952,5.748496,18.5029531,35.56702166,103.53786
0.6,0.32,0.38,13,0.5,12.89343437,24.27270358,5.748496,18.49578372,37.66454004,104.5274479
0.6,0.36,0.38,13,0.5,12.67748258,25.57287062,5.748496,18.49578646,39.68204062,105.5995803
0.6,0.28,0.31,20,0.5,11.64630504,22.25124305,5.748496,18.65798912,34.52779093,101.0001804
0.6,0.32,0.31,20,0.5,11.19757242,23.63563268,5.748496,18.63721111,36.67598174,101.8423194
0.6,0.36,0.31,20,0.5,10.99540072,24.94265675,5.748496,18.6372148,38.70412254,102.9315266
0.6,0.28,0.38,20,0.5,13.23139517,21.94056013,5.748496,18.5029531,34.04569675,102.5567503
0.6,0.32,0.38,20,0.5,12.90502331,23.28256932,5.748496,18.49578372,36.12812481,103.5184348
0.6,0.36,0.38,20,0.5,12.67917188,24.57660812,5.748496,18.49578646,38.13611604,104.5699246
0.6,0.28,0.31,6,0.55,12.11142485,26.50244284,5.748496,18.60065745,41.12448027,105.936256
0.6,0.32,0.31,6,0.55,11.64954817,28.09966372,5.748496,18.58017277,43.60292646,106.9913167
0.6,0.36,0.31,6,0.55,11.4524519,29.59234604,5.748496,18.5801761,45.91915765,108.2897995
0.6,0.28,0.38,6,0.55,13.77983671,26.14319037,5.748496,18.45514891,40.56701954,107.5568843
0.6,0.32,0.38,6,0.55,13.44883195,27.67557735,5.748496,18.44815152,42.9448614,108.7249467
0.6,0.36,0.38,6,0.55,13.22676274,29.14613157,5.748496,18.44815389,45.22675589,109.9727985
0.6,0.28,0.31,13,0.55,12.09704883,23.87799116,5.748496,18.60065745,37.05205525,103.2050077
0.6,0.32,0.31,13,0.55,11.6155184,25.42004866,5.748496,18.58017277,39.4449031,104.1708308
0.6,0.36,0.31,13,0.55,11.40136469,26.8848303,5.748496,18.5801761,41.71784012,105.4129534
0.6,0.28,0.38,13,0.55,13.8080473,23.54515702,5.748496,18.45514891,36.53558848,104.9032568
0.6,0.32,0.38,13,0.55,13.45924385,25.0254614,5.748496,18.44815152,38.83261252,105.9899707
0.6,0.36,0.38,13,0.55,13.21782891,26.46292813,5.748496,18.44815389,41.06316434,107.1753101
0.6,0.28,0.31,20,0.55,12.10252966,22.98662388,5.748496,18.60065745,35.66889912,102.2911753
0.6,0.32,0.31,20,0.55,11.60998484,24.51763843,5.748496,18.58017277,38.04461136,103.23218
0.6,0.36,0.31,20,0.55,11.393758,25.96383904,5.748496,18.5801761,40.28871576,104.4502542
0.6,0.28,0.38,20,0.55,13.82773527,22.6584045,5.748496,18.45514891,35.15959319,104.0153323
0.6,0.32,0.38,20,0.55,13.47001026,24.13566735,5.748496,18.44815152,37.45189761,105.0821817
0.6,0.36,0.38,20,0.55,13.22179527,25.55531291,5.748496,18.44815389,39.65479589,106.239466
0.6,0.28,0.31,6,0.6,12.55600968,26.86611529,5.748496,18.55102132,41.68879958,106.8416274
0.6,0.32,0.31,6,0.6,12.05280613,28.60080343,5.748496,18.53086965,44.38055705,107.987849
0.6,0.36,0.31,6,0.6,11.83499881,30.22199869,5.748496,18.53087275,46.89620486,109.3966974
0.6,0.28,0.38,6,0.6,14.36271479,26.47812939,5.748496,18.41430453,41.0867525,108.615946
0.6,0.32,0.38,6,0.6,13.99892537,28.14474738,5.748496,18.4073957,43.67288386,109.8828184
0.6,0.36,0.38,6,0.6,13.75442034,29.74139223,5.748496,18.40739782,46.15043622,111.236756
0.6,0.28,0.31,13,0.6,12.54894094,24.52894347,5.748496,18.55102132,38.06215366,104.4135355
0.6,0.32,0.31,13,0.6,12.02633538,26.20978673,5.748496,18.53086965,40.67035871,105.4735904
0.6,0.36,0.31,13,0.6,11.79195865,27.81587363,5.748496,18.53087275,43.16256253,106.8415782
0.6,0.28,0.38,13,0.6,14.39550886,24.16826733,5.748496,18.41430453,37.50248379,106.261413
0.6,0.32,0.38,13,0.6,14.01698291,25.7769605,5.748496,18.4073957,39.99873182,107.447323
0.6,0.36,0.38,13,0.6,13.75067602,27.36290962,5.748496,18.40739782,42.45968734,108.7573169
0.6,0.28,0.31,20,0.6,12.55480133,23.73713539,5.748496,18.55102132,36.83348595,103.6021612
0.6,0.32,0.31,20,0.6,12.02210119,25.40436175,5.748496,18.53086965,39.42056133,104.6370412
0.6,0.36,0.31,20,0.6,11.78357996,26.99481027,5.748496,18.53087275,41.88849869,105.9794985
0.6,0.28,0.38,20,0.6,14.41513076,23.37966394,5.748496,18.41430453,36.27878887,105.4726612
0.6,0.32,0.38,20,0.6,14.02648838,24.98224945,5.748496,18.4073957,38.76555949,106.6365506
0.6,0.36,0.38,20,0.6,13.75720417,26.55195463,5.748496,18.40739782,41.20130891,107.9241894
0.6,0.28,0.31,6,0.65,12.99353473,27.2361198,5.748496,18.50753204,42.26294452,107.749511
0.6,0.32,0.31,6,0.65,12.44772626,29.10068326,5.748496,18.48778994,45.15623265,108.9802
0.6,0.36,0.31,6,0.65,12.21075752,30.85180904,5.748496,18.48779474,47.87349678,110.5015558
0.6,0.28,0.38,6,0.65,14.93725991,26.79566142,5.748496,18.37852134,41.57947462,109.6489032
0.6,0.32,0.38,6,0.65,14.54214205,28.60001226,5.748496,18.37165807,44.37932937,111.0240531
0.6,0.36,0.38,6,0.65,14.27044482,30.34065878,5.748496,18.37166147,47.08033258,112.495232
0.6,0.28,0.31,13,0.65,12.99303446,25.17865138,5.748496,18.50753204,39.07032111,105.61831
0.6,0.32,0.31,13,0.65,12.42766825,27.01209071,5.748496,18.48778994,41.91531317,106.7863693
0.6,0.36,0.31,13,0.65,12.17752262,28.74694058,5.748496,18.48779474,44.6073216,108.2693036
0.6,0.28,0.38,13,0.65,14.97637194,24.75570893,5.748496,18.37852134,38.4140311,107.5821508
0.6,0.32,0.38,13,0.65,14.55803246,26.53168268,5.748496,18.37165807,41.16985244,108.8934936
0.6,0.36,0.38,13,0.65,14.27258651,28.25545556,5.748496,18.37166147,43.84467242,110.3261205
0.6,0.28,0.31,20,0.65,12.99663021,24.48307026,5.748496,18.50753204,37.99097109,104.9031594
0.6,0.32,0.31,20,0.65,12.42590325,26.29394952,5.748496,18.48778994,40.80095616,106.0392493
0.6,0.36,0.31,20,0.65,12.16915728,28.03010766,5.748496,18.48779474,43.49499464,107.5153031
0.6,0.28,0.38,20,0.65,14.99360295,24.0668035,5.748496,18.37852134,37.34503991,106.89038
0.6,0.32,0.38,20,0.65,14.57010155,25.82741179,5.748496,18.37165807,40.0770183,108.1776543
0.6,0.36,0.38,20,0.65,14.2787114,27.53771458,5.748496,18.37166147,42.73093642,109.5876129
0.8,0.28,0.31,6,0.3,9.837296516,18.76152137,4.360928,18.98729883,38.37583917,94.17095638
0.8,0.32,0.31,6,0.3,9.592172828,19.43018872,4.360928,18.96628287,39.74356783,94.53291226
0.8,0.36,0.31,6,0.3,9.4909567,20.0560477,4.360928,18.96628693,41.02373393,95.05354717
0.8,0.28,0.38,6,0.3,10.76324377,18.59285645,4.360928,18.79192158,38.03084273,94.99691296
0.8,0.32,0.38,6,0.3,10.59583425,19.23281687,4.360928,18.78414561,39.33985269,95.44310126
0.8,0.36,0.38,6,0.3,10.48431331,19.85067929,4.360928,18.78414848,40.60366218,95.94419822
0.8,0.28,0.31,13,0.3,9.723859358,15.7032842,4.360928,18.98729883,32.12035405,90.85343334
0.8,0.32,0.31,13,0.3,9.450230555,16.33939902,4.360928,18.96628287,33.42149799,91.13835165
0.8,0.36,0.31,13,0.3,9.38566216,16.93692146,4.360928,18.96628693,34.64370298,91.67734249
0.8,0.32,0.38,13,0.3,10.49787929,16.16205654,4.360928,18.78414561,33.05875201,92.11966953
0.8,0.36,0.38,13,0.3,10.42161934,16.74703316,4.360928,18.78414848,34.2552951,92.63465825
0.8,0.28,0.31,20,0.3,9.737148694,14.68912411,4.360928,18.98729883,30.04593568,89.84714488
0.8,0.32,0.31,20,0.3,9.451091423,15.30850091,4.360928,18.96628287,31.31284278,90.08352198
0.8,0.36,0.31,20,0.3,9.318083198,15.89458485,4.360928,18.96628693,32.51165084,90.50909745
0.8,0.28,0.38,20,0.3,10.71167291,14.533254,4.360928,18.79192158,29.72711046,90.73792372
0.8,0.32,0.38,20,0.3,10.50030579,15.13255595,4.360928,18.78414561,30.95295535,91.07164438
0.8,0.36,0.38,20,0.3,10.36702489,15.7141481,4.360928,18.78414848,32.14257566,91.49451459
0.8,0.28,0.31,6,0.35,10.29891102,19.03114682,4.360928,18.88203511,38.92734576,94.95095701
0.8,0.32,0.31,6,0.35,10.01424434,19.80848642,4.360928,18.86038011,40.51735858,95.37549221
0.8,0.36,0.31,6,0.35,9.892651455,20.53595491,4.360928,18.86038475,42.00536232,95.98019025
0.8,0.28,0.38,6,0.35,11.38070164,18.8226525,4.360928,18.69594647,38.5008801,95.93999498
0.8,0.36,0.38,6,0.35,11.04860375,20.29524301,4.360928,18.68838434,41.51299706,97.04987717
0.8,0.28,0.31,13,0.35,10.19773005,16.18293028,4.360928,18.88203511,33.1014483,91.85852905
0.8,0.32,0.31,13,0.35,9.940393538,16.91704191,4.360928,18.86038011,34.60304026,92.27420662
0.8,0.36,0.31,13,0.35,9.801094868,17.61853873,4.360928,18.86038475,36.03792013,92.8238593
0.8,0.28,0.38,13,0.35,11.32123464,15.99706282,4.360928,18.69594647,32.72126485,92.92251405
0.8,0.32,0.38,13,0.35,11.15173823,16.71048043,4.360928,18.68838109,34.18052816,93.44470407
0.8,0.36,0.38,13,0.35,10.99778702,17.4086203,4.360928,18.68838434,35.60854152,93.97462073
0.8,0.28,0.31,20,0.35,10.20379812,15.22543874,4.360928,18.88203511,31.14294288,90.8868998
0.8,0.32,0.31,20,0.35,9.876443615,15.95674491,4.360928,18.86038011,32.63879641,91.19613924
0.8,0.36,0.31,20,0.35,9.78704083,16.64092391,4.360928,18.86038475,34.03825345,91.79139974
0.8,0.28,0.38,20,0.35,11.33701238,15.04669675,4.360928,18.69594647,30.77733427,91.96906065
0.8,0.32,0.38,20,0.35,11.10668201,15.75431625,4.360928,18.68838109,32.22473778,92.39565677
0.8,0.36,0.38,20,0.35,10.99989805,16.4365865,4.360928,18.68838434,33.62029057,92.96874461
0.8,0.28,0.31,6,0.4,10.75416442,19.30174935,4.360928,18.79365308,39.48085094,95.73882546
0.8,0.32,0.31,6,0.4,10.42566883,20.18938752,4.360928,18.77217437,41.29647447,96.22679452
0.8,0.36,0.31,6,0.4,10.28696604,21.01982543,4.360928,18.77217848,42.99509747,96.91875661
0.8,0.28,0.38,6,0.4,11.98845493,19.07597904,4.360928,18.61939636,39.01904803,96.9155778
0.8,0.32,0.38,6,0.4,11.76049781,19.92026522,4.360928,18.61202254,40.74599704,97.50184002
0.8,0.36,0.38,6,0.4,11.60294879,20.74005654,4.360928,18.61202541,42.42284292,98.16053129
0.8,0.28,0.31,13,0.4,10.71503661,16.65716625,4.360928,18.79365308,34.07147642,92.93674982
0.8,0.32,0.31,13,0.4,10.36271701,17.5095218,4.360928,18.77217437,35.81493095,93.35428923
0.8,0.36,0.31,13,0.4,10.20386814,18.31258575,4.360928,18.77217848,37.45756176,93.98635598
0.8,0.28,0.38,13,0.4,11.99261464,16.45644184,4.360928,18.61939636,33.66090376,94.19407277
0.8,0.32,0.38,13,0.4,11.73874918,17.27259281,4.360928,18.61202254,35.33030347,94.71126679
0.8,0.36,0.38,13,0.4,11.56237296,18.06000755,4.360928,18.61202541,36.94092454,95.3094814
0.8,0.28,0.31,20,0.4,10.66506726,15.77880966,4.360928,18.79365308,32.27483795,91.96225395
0.8,0.32,0.31,20,0.4,10.35685996,16.61081678,4.360928,18.77217437,33.97667068,92.41423232
0.8,0.36,0.31,20,0.4,10.19358951,17.40024307,4.360928,18.77217848,35.59140627,93.02536281
0.8,0.28,0.38,20,0.4,11.96357112,15.57969191,4.360928,18.61939636,31.86755164,93.24858003
0.8,0.32,0.38,20,0.4,11.74842773,16.38109568,4.360928,18.61202254,33.50678661,93.80000965
0.8,0.36,0.38,20,0.4,11.56633548,17.15981501,4.360928,18.61202541,35.0996216,94.37645329
0.8,0.28,0.31,6,0.45,11.20938182,19.55576178,4.360928,18.72136364,40.00042183,96.52375562
0.8,0.32,0.31,6,0.45,10.83754092,20.5570586,4.360928,18.70034433,42.04852896,97.07929399
0.8,0.36,0.31,6,0.45,10.68076319,21.49956954,4.360928,18.70034808,43.97639224,97.86790641
0.8,0.28,0.38,6,0.45,12.59111204,19.3271472,4.360928,18.55704791,39.53280109,97.89562669
0.8,0.32,0.38,6,0.45,12.3305526,20.2796947,4.360928,18.54975092,41.48119371,98.55763297
0.8,0.36,0.38,6,0.45,12.15163529,21.20093674,4.360928,18.54975373,43.36555242,99.29766936
0.8,0.28,0.31,13,0.45,11.18146576,17.13603038,4.360928,18.72136364,35.05097123,93.96719198
0.8,0.32,0.31,13,0.45,10.78307891,18.10118795,4.360928,18.70034433,37.02515718,94.44800699
0.8,0.36,0.31,13,0.45,10.60697022,19.01036141,4.360928,18.70034808,38.88483016,95.16946413
0.8,0.28,0.38,13,0.45,12.60268356,16.92368694,4.360928,18.55704791,34.61663237,95.40294893
0.8,0.32,0.38,13,0.45,12.32034089,17.84130352,4.360928,18.54975092,36.49357538,95.99549307
0.8,0.36,0.38,13,0.45,12.12226533,18.72853476,4.360928,18.54975373,38.30836655,96.67026666
0.8,0.28,0.31,20,0.45,11.18426697,16.31961197,4.360928,18.72136364,33.38102448,93.12565178
0.8,0.32,0.31,20,0.45,10.77791534,17.27188778,4.360928,18.70034433,35.32886137,93.57820875
0.8,0.36,0.31,20,0.45,10.59351768,18.17106752,4.360928,18.70034808,37.16809266,94.28014444
0.8,0.28,0.38,20,0.45,12.57616539,16.11544316,4.360928,18.55704759,32.96340645,94.52696431
0.8,0.32,0.38,20,0.45,12.32974375,17.0214342,4.360928,18.54975092,34.81656996,95.15361951
0.8,0.36,0.38,20,0.45,12.12594279,17.89925736,4.360928,18.54975373,36.61211734,95.81019173
0.8,0.28,0.31,6,0.5,11.6653283,19.82991144,4.360928,18.65798912,40.56118248,97.34112177
0.8,0.32,0.31,6,0.5,11.24636449,20.93293034,4.360928,18.63721111,42.8173575,97.94704334
0.8,0.36,0.31,6,0.5,11.06993734,21.96819393,4.360928,18.6372148,44.93494213,98.80897751
0.8,0.28,0.38,6,0.5,13.18816106,19.5788272,4.360928,18.5029531,40.04760109,98.87663511
0.8,0.32,0.38,6,0.5,12.89562799,20.63906328,4.360928,18.49578372,42.2162658,99.61258254
0.8,0.36,0.38,6,0.5,12.69560179,21.65766747,4.360928,18.49578646,44.29977437,100.4300388
0.8,0.28,0.31,13,0.5,11.6418586,17.62332233,4.360928,18.65798912,36.04770476,95.0085944
0.8,0.32,0.31,13,0.5,11.20021939,18.6851239,4.360928,18.63721111,38.21957162,95.53767664
0.8,0.36,0.31,13,0.5,11.00826403,19.69109003,4.360928,18.6372148,40.27722961,96.34155639
0.8,0.28,0.38,13,0.5,13.21144932,17.3883217,4.360928,18.5029531,35.56702166,96.61764421
0.8,0.32,0.38,13,0.5,12.89343437,18.41377513,4.360928,18.49578372,37.66454004,97.28095148
0.8,0.36,0.38,13,0.5,12.67748258,19.40010875,4.360928,18.49578646,39.68204062,98.03925043
0.8,0.28,0.31,20,0.5,11.64630504,16.88025335,4.360928,18.65798912,34.52779093,94.24162272
0.8,0.32,0.31,20,0.5,11.19757242,17.93047996,4.360928,18.63721111,36.67598174,94.74959866
0.8,0.36,0.31,20,0.5,10.99540072,18.92201547,4.360928,18.6372148,38.70412254,95.52331735
0.8,0.28,0.38,20,0.5,13.23139517,16.64456286,4.360928,18.5029531,34.04569675,95.87318506
0.8,0.32,0.38,20,0.5,12.90502331,17.6626388,4.360928,18.49578372,36.12812481,96.51093632
0.8,0.36,0.38,20,0.5,12.67917188,18.6443234,4.360928,18.49578646,38.13611604,97.2500719
0.8,0.28,0.31,6,0.55,12.11142485,20.10530146,4.360928,18.60065745,41.12448027,98.15154665
0.8,0.32,0.31,6,0.55,11.64954817,21.31698627,4.360928,18.58017277,43.60292646,98.82107123
0.8,0.36,0.31,6,0.55,11.4524519,22.44936596,4.360928,18.5801761,45.91915765,99.75925138
0.8,0.28,0.38,6,0.55,13.77983671,19.83276511,4.360928,18.45514891,40.56701954,99.85889106
0.8,0.32,0.38,6,0.55,13.44883195,20.99526557,4.360928,18.44815152,42.9448614,100.6570669
0.8,0.36,0.38,6,0.55,13.22676274,22.11085844,4.360928,18.44815389,45.22675589,101.5499573
0.8,0.28,0.31,13,0.55,12.09704883,18.11433812,4.360928,18.60065745,37.05205525,96.05378669
0.8,0.32,0.31,13,0.55,11.6155184,19.28417485,4.360928,18.58017277,39.4449031,96.64738903
0.8,0.36,0.31,13,0.55,11.40136469,20.3953885,4.360928,18.5801761,41.71784012,97.53594356
0.8,0.28,0.38,13,0.55,13.8080473,17.86184326,4.360928,18.45514891,36.53558848,97.832375
0.8,0.32,0.38,13,0.55,13.45924385,18.98483279,4.360928,18.44815152,38.83261252,98.56177411
0.8,0.36,0.38,13,0.55,13.21782891,20.07532479,4.360928,18.44815389,41.06316434,99.4001388
0.8,0.28,0.31,20,0.55,12.10252966,17.43812846,4.360928,18.60065745,35.66889912,95.3551119
0.8,0.32,0.31,20,0.55,11.60998484,18.59958777,4.360928,18.58017277,38.04461136,95.92656135
0.8,0.36,0.31,20,0.55,11.393758,19.69670548,4.360928,18.5801761,40.28871576,96.79555264
0.8,0.28,0.38,20,0.55,13.82773527,17.18913445,4.360928,18.45514891,35.15959319,97.15849423
0.8,0.32,0.38,20,0.55,13.47001026,18.30981661,4.360928,18.44815152,37.45189761,97.86876298
0.8,0.36,0.38,20,0.55,13.22179527,19.3867891,4.360928,18.44815389,39.65479589,98.68337422
0.8,0.28,0.31,6,0.6,12.55600968,20.38119091,4.360928,18.55102132,41.68879958,98.969135
0.8,0.32,0.31,6,0.6,12.05280613,21.69716122,4.360928,18.53086965,44.38055705,99.6966388
0.8,0.36,0.31,6,0.6,11.83499881,22.92703349,4.360928,18.53087275,46.89620486,100.7141642
0.8,0.28,0.38,6,0.6,14.36271479,20.08685678,4.360928,18.41430453,41.0867525,100.8371054
0.8,0.32,0.38,6,0.6,13.99892537,21.35118766,4.360928,18.4073957,43.67288386,101.7016907
0.8,0.36,0.38,6,0.6,13.75442034,22.56243548,4.360928,18.40739782,46.15043622,102.6702312
0.8,0.28,0.31,13,0.6,12.54894094,18.60816401,4.360928,18.55102132,38.06215366,97.10518806
0.8,0.32,0.31,13,0.6,12.02633538,19.88328648,4.360928,18.53086965,40.67035871,97.75952215
0.8,0.36,0.31,13,0.6,11.79195865,21.10169724,4.360928,18.53087275,43.16256253,98.73983378
0.8,0.28,0.38,13,0.6,14.39550886,18.33454763,4.360928,18.41430453,37.50248379,99.04012529
0.8,0.32,0.38,13,0.6,14.01698291,19.55493555,4.360928,18.4073957,39.99873182,99.83773001
0.8,0.36,0.38,13,0.6,13.75067602,20.75806937,4.360928,18.40739782,42.45968734,100.7649086
0.8,0.28,0.31,20,0.6,12.55480133,18.00748202,4.360928,18.55102132,36.83348595,96.48493983
0.8,0.32,0.31,20,0.6,12.02210119,19.27227443,4.360928,18.53086965,39.42056133,97.11738589
0.8,0.36,0.31,20,0.6,11.78357996,20.47882158,4.360928,18.53087275,41.88849869,98.07594182
0.8,0.28,0.38,20,0.6,14.41513076,17.73629678,4.360928,18.41430453,36.27878887,98.44172603
0.8,0.32,0.38,20,0.6,14.02648838,18.95205131,4.360928,18.4073957,38.76555949,99.21878448
0.8,0.36,0.38,20,0.6,13.75720417,20.14286213,4.360928,18.40739782,41.20130891,100.1275289
0.8,0.28,0.31,6,0.65,12.99353473,20.66188399,4.360928,18.50753204,42.26294452,99.78770716
0.8,0.32,0.31,6,0.65,12.44772626,22.07638041,4.360928,18.48778994,45.15623265,100.5683292
0.8,0.36,0.31,6,0.65,12.21075752,23.40482065,4.360928,18.48779474,47.87349678,101.6669994
0.8,0.28,0.38,6,0.65,14.93725991,20.32774315,4.360928,18.37852134,41.57947462,101.793417
0.8,0.32,0.38,6,0.65,14.54214205,21.69656103,4.360928,18.37165807,44.37932937,102.7330339
0.8,0.36,0.38,6,0.65,14.27044482,23.01705149,4.360928,18.37166147,47.08033258,103.7840567
0.8,0.28,0.31,13,0.65,12.99303446,19.10104588,4.360928,18.50753204,39.07032111,98.15313646
0.8,0.32,0.31,13,0.65,12.42766825,20.49193088,4.360928,18.48778994,41.91531317,98.87864145
0.8,0.36,0.31,13,0.65,12.17752262,21.80802389,4.360928,18.48779474,44.6073216,99.94281887
0.8,0.28,0.38,13,0.65,14.97637194,18.78019298,4.360928,18.37852134,38.4140311,100.2190668
0.8,0.32,0.38,13,0.65,14.55803246,20.12748342,4.360928,18.37165807,41.16985244,101.1017263
0.8,0.36,0.38,13,0.65,14.27258651,21.43517318,4.360928,18.37166147,43.84467242,102.1182701
0.8,0.28,0.31,20,0.65,12.99663021,18.57336364,4.360928,18.50753204,37.99097109,97.60588477
0.8,0.32,0.31,20,0.65,12.42590325,19.94713412,4.360928,18.48778994,40.80095616,98.30486595
0.8,0.36,0.31,20,0.65,12.16915728,21.2642196,4.360928,18.48779474,43.49499464,99.36184703
0.8,0.28,0.38,20,0.65,14.99360295,18.25757507,4.360928,18.37852134,37.34503991,99.69358357
0.8,0.32,0.38,20,0.65,14.57010155,19.59320895,4.360928,18.37165807,40.0770183,100.5558835
0.8,0.36,0.38,20,0.65,14.2787114,20.89068003,4.360928,18.37166147,42.73093642,101.5530103
1,0.28,0.31,6,0.3,9.837296516,12.79194639,2.97336,18.98729883,38.37583917,86.8138134
1,0.32,0.31,6,0.3,9.592172828,13.24785594,2.97336,18.96628287,39.74356783,86.96301149
1,0.36,0.31,6,0.3,9.4909567,13.67457798,2.97336,18.96628693,41.02373393,87.28450945
1,0.28,0.38,6,0.3,10.76324377,12.67694758,2.97336,18.79192158,38.03084273,87.69343609
1,0.32,0.38,6,0.3,10.59583425,13.11328423,2.97336,18.78414561,39.33985269,87.93600062
1,0.36,0.38,6,0.3,10.48431331,13.53455406,2.97336,18.78414848,40.60366218,88.24050499
1,0.28,0.31,13,0.3,9.723859358,10.70678468,2.97336,18.98729883,32.12035405,84.46936582
1,0.32,0.31,13,0.3,9.450230555,11.14049933,2.97336,18.96628287,33.42149799,84.55188397
1,0.36,0.31,13,0.3,9.38566216,11.54790099,2.97336,18.96628693,34.64370298,84.90075402
1,0.32,0.38,13,0.3,10.49787929,11.019584,2.97336,18.78414561,33.05875201,85.58962899
1,0.36,0.38,13,0.3,10.42161934,11.4184317,2.97336,18.78414848,34.2552951,85.91848879
1,0.28,0.31,20,0.3,9.737148694,10.01531189,2.97336,18.98729883,30.04593568,83.78576466
1,0.32,0.31,20,0.3,9.451091423,10.43761426,2.97336,18.96628287,31.31284278,83.82506733
1,0.36,0.31,20,0.3,9.318083198,10.83721695,2.97336,18.96628693,32.51165084,84.06416154
1,0.28,0.38,20,0.3,10.71167291,9.909036821,2.97336,18.79192158,29.72711046,84.72613854
1,0.32,0.38,20,0.3,10.50030579,10.31765178,2.97336,18.78414561,30.95295535,84.86917221
1,0.36,0.38,20,0.3,10.36702489,10.71419189,2.97336,18.78414848,32.14257566,85.10699037
1,0.28,0.31,6,0.35,10.29891102,12.97578192,2.97336,18.88203511,38.92734576,87.50802412
1,0.32,0.31,6,0.35,10.01424434,13.50578619,2.97336,18.86038011,40.51735858,87.68522399
1,0.36,0.31,6,0.35,9.892651455,14.00178744,2.97336,18.86038475,42.00536232,88.05845478
1,0.28,0.38,6,0.35,11.38070164,12.8336267,2.97336,18.69594647,38.5008801,88.56340119
1,0.36,0.38,6,0.35,11.04860375,13.83766569,2.97336,18.68838434,41.51299706,89.20473185
1,0.28,0.31,13,0.35,10.19773005,11.0338161,2.97336,18.88203511,33.1014483,85.32184687
1,0.32,0.31,13,0.35,9.940393538,11.53434675,2.97336,18.86038011,34.60304026,85.50394347
1,0.36,0.31,13,0.35,9.801094868,12.01264004,2.97336,18.86038475,36.03792013,85.83039261
1,0.28,0.38,13,0.35,11.32123464,10.90708828,2.97336,18.69594647,32.72126485,86.44497152
1,0.32,0.38,13,0.35,11.15173823,11.39350939,2.97336,18.68838109,34.18052816,86.74016503
1,0.36,0.38,13,0.35,10.99778702,11.86951384,2.97336,18.68838434,35.60854152,87.04794627
1,0.28,0.31,20,0.35,10.20379812,10.38098096,2.97336,18.88203511,31.14294288,84.65487402
1,0.32,0.31,20,0.35,9.876443615,10.8795988,2.97336,18.86038011,32.63879641,84.73142513
1,0.36,0.31,20,0.35,9.78704083,11.34608448,2.97336,18.86038475,34.03825345,85.10899231
1,0.28,0.38,20,0.35,11.33701238,10.25911142,2.97336,18.69594647,30.77733427,85.79390732
1,0.32,0.38,20,0.35,11.10668201,10.74157926,2.97336,18.68838109,32.22473778,85.99535178
1,0.36,0.38,20,0.35,10.99989805,11.20676352,2.97336,18.68838434,33.62029057,86.35135364
1,0.28,0.31,6,0.4,10.75416442,13.16028365,2.97336,18.79365308,39.48085094,88.20979176
1,0.32,0.31,6,0.4,10.42566883,13.76549149,2.97336,18.77217437,41.29647447,88.41533049
1,0.36,0.31,6,0.4,10.28696604,14.33169916,2.97336,18.77217848,42.99509747,88.84306233
1,0.28,0.38,6,0.4,11.98845493,13.00634934,2.97336,18.61939636,39.01904803,89.45838011
1,0.32,0.38,6,0.4,11.76049781,13.58199901,2.97336,18.61202254,40.74599704,89.77600581
1,0.36,0.38,6,0.4,11.60294879,14.14094764,2.97336,18.61202541,42.42284292,90.17385439
1,0.28,0.31,13,0.4,10.71503661,11.35715881,2.97336,18.79365308,34.07147642,86.24917437
1,0.32,0.31,13,0.4,10.36271701,11.93831032,2.97336,18.77217437,35.81493095,86.39550975
1,0.36,0.31,13,0.4,10.20386814,12.48585392,2.97336,18.77217848,37.45756176,86.77205615
1,0.28,0.38,13,0.4,11.99261464,11.22030125,2.97336,18.61939636,33.66090376,87.57036419
1,0.32,0.38,13,0.4,11.73874918,11.77676782,2.97336,18.61202254,35.33030347,87.8278738
1,0.36,0.38,13,0.4,11.56237296,12.31364151,2.97336,18.61202541,36.94092454,88.17554736
1,0.28,0.31,20,0.4,10.66506726,10.75827932,2.97336,18.79365308,32.27483795,85.5541556
1,0.32,0.31,20,0.4,10.35685996,11.32555689,2.97336,18.77217437,33.97667068,85.74140444
1,0.36,0.31,20,0.4,10.19358951,11.86380209,2.97336,18.77217848,35.59140627,86.10135384
1,0.28,0.38,20,0.4,11.96357112,10.62251721,2.97336,18.61939636,31.86755164,86.90383733
1,0.32,0.38,20,0.4,11.74842773,11.16892887,2.97336,18.61202254,33.50678661,87.20027484
1,0.36,0.38,20,0.4,11.56633548,11.69987387,2.97336,18.61202541,35.0996216,87.52894415
1,0.28,0.31,6,0.45,11.20938182,13.33347394,2.97336,18.72136364,40.00042183,88.91389978
1,0.32,0.31,6,0.45,10.83754092,14.01617632,2.97336,18.70034433,42.04852896,89.15084371
1,0.36,0.31,6,0.45,10.68076319,14.65879741,2.97336,18.70034808,43.97639224,89.63956628
1,0.28,0.38,6,0.45,12.59111204,13.17760036,2.97336,18.55704791,39.53280109,90.35851186
1,0.32,0.38,6,0.45,12.3305526,13.82706457,2.97336,18.54975092,41.48119371,90.71743483
1,0.36,0.38,6,0.45,12.15163529,14.45518414,2.97336,18.54975373,43.36555242,91.16434876
1,0.28,0.31,13,0.45,11.18146576,11.68365708,2.97336,18.72136364,35.05097123,87.12725068
1,0.32,0.31,13,0.45,10.78307891,12.34171906,2.97336,18.70034433,37.02515718,87.3009701
1,0.36,0.31,13,0.45,10.60697022,12.96161005,2.97336,18.70034808,38.88483016,87.73314477
1,0.28,0.38,13,0.45,12.60268356,11.53887746,2.97336,18.55704791,34.61663237,88.63057146
1,0.32,0.38,13,0.45,12.32034089,12.16452513,2.97336,18.54975092,36.49357538,88.93114667
1,0.36,0.38,13,0.45,12.12226533,12.76945552,2.97336,18.54975373,38.30836655,89.32361942
1,0.28,0.31,20,0.45,11.18426697,11.12700816,2.97336,18.72136364,33.38102448,86.54547998
1,0.32,0.31,20,0.45,10.77791534,11.77628712,2.97336,18.70034433,35.32886137,86.69504009
1,0.36,0.31,20,0.45,10.59351768,12.38936422,2.97336,18.70034808,37.16809266,87.11087314
1,0.28,0.38,20,0.45,12.57616539,10.98780215,2.97336,18.55704759,32.96340645,88.0117553
1,0.32,0.38,20,0.45,12.32974375,11.60552332,2.97336,18.54975092,34.81656996,88.35014063
1,0.36,0.38,20,0.45,12.12594279,12.20403911,2.97336,18.54975373,36.61211734,88.72740548
1,0.28,0.31,6,0.5,11.6653283,13.52039416,2.97336,18.65798912,40.56118248,89.64403649
1,0.32,0.31,6,0.5,11.24636449,14.2724525,2.97336,18.63721111,42.8173575,89.8989975
1,0.36,0.31,6,0.5,11.06993734,14.97831404,2.97336,18.6372148,44.93494213,90.43152963
1,0.28,0.38,6,0.5,13.18816106,13.34920036,2.97336,18.5029531,40.04760109,91.25944027
1,0.32,0.38,6,0.5,12.89562799,14.0720886,2.97336,18.49578372,42.2162658,91.65803986
1,0.36,0.38,6,0.5,12.69560179,14.76659146,2.97336,18.49578646,44.29977437,92.15139475
1,0.28,0.31,13,0.5,11.6418586,12.01590159,2.97336,18.65798912,36.04770476,88.01360566
1,0.32,0.31,13,0.5,11.20021939,12.73985721,2.97336,18.63721111,38.21957162,88.20484195
1,0.36,0.31,13,0.5,11.00826403,13.4257432,2.97336,18.6372148,40.27722961,88.68864156
1,0.28,0.38,13,0.5,13.21144932,11.85567389,2.97336,18.5029531,35.56702166,89.6974284
1,0.32,0.38,13,0.5,12.89343437,12.55484668,2.97336,18.49578372,37.66454004,90.03445503
1,0.36,0.38,13,0.5,12.67748258,13.22734687,2.97336,18.49578646,39.68204062,90.47892055
1,0.28,0.31,20,0.5,11.64630504,11.50926364,2.97336,18.65798912,34.52779093,87.48306502
1,0.32,0.31,20,0.5,11.19757242,12.22532725,2.97336,18.63721111,36.67598174,87.65687795
1,0.36,0.31,20,0.5,10.99540072,12.90137418,2.97336,18.6372148,38.70412254,88.11510807
1,0.28,0.38,20,0.5,13.23139517,11.34856558,2.97336,18.5029531,34.04569675,89.18961979
1,0.32,0.38,20,0.5,12.90502331,12.04270827,2.97336,18.49578372,36.12812481,89.50343779
1,0.36,0.38,20,0.5,12.67917188,12.71203868,2.97336,18.49578646,38.13611604,89.93021918
1,0.28,0.31,6,0.55,12.11142485,13.70816009,2.97336,18.60065745,41.12448027,90.36683727
1,0.32,0.31,6,0.55,11.64954817,14.53430882,2.97336,18.58017277,43.60292646,90.65082578
1,0.36,0.31,6,0.55,11.4524519,15.30638588,2.97336,18.5801761,45.91915765,91.2287033
1,0.28,0.38,6,0.55,13.77983671,13.52233985,2.97336,18.45514891,40.56701954,92.16089779
1,0.32,0.38,6,0.55,13.44883195,14.3149538,2.97336,18.44815152,42.9448614,92.58918717
1,0.36,0.38,6,0.55,13.22676274,15.0755853,2.97336,18.44815389,45.22675589,93.12711619
1,0.28,0.31,13,0.55,12.09704883,12.35068508,2.97336,18.60065745,37.05205525,88.90256566
1,0.32,0.31,13,0.55,11.6155184,13.14830103,2.97336,18.58017277,39.4449031,89.12394721
1,0.36,0.31,13,0.55,11.40136469,13.90594671,2.97336,18.5801761,41.71784012,89.65893376
1,0.28,0.38,13,0.55,13.8080473,12.17852949,2.97336,18.45514891,36.53558848,90.76149324
1,0.32,0.38,13,0.55,13.45924385,12.94420417,2.97336,18.44815152,38.83261252,91.1335775
1,0.36,0.38,13,0.55,13.21782891,13.68772145,2.97336,18.44815389,41.06316434,91.62496746
1,0.28,0.31,20,0.55,12.10252966,11.88963304,2.97336,18.60065745,35.66889912,88.41904848
1,0.32,0.31,20,0.55,11.60998484,12.68153712,2.97336,18.58017277,38.04461136,88.62094269
1,0.36,0.31,20,0.55,11.393758,13.42957192,2.97336,18.5801761,40.28871576,89.14085108
1,0.28,0.38,20,0.55,13.82773527,11.7198644,2.97336,18.45514891,35.15959319,90.30165617
1,0.32,0.38,20,0.55,13.47001026,12.48396587,2.97336,18.44815152,37.45189761,90.65534424
1,0.36,0.38,20,0.55,13.22179527,13.2182653,2.97336,18.44815389,39.65479589,91.12728242
1,0.28,0.31,6,0.6,12.55600968,13.89626653,2.97336,18.55102132,41.68879958,91.09664262
1,0.32,0.31,6,0.6,12.05280613,14.79351902,2.97336,18.53086965,44.38055705,91.40542859
1,0.36,0.31,6,0.6,11.83499881,15.63206829,2.97336,18.53087275,46.89620486,92.03163099
1,0.28,0.38,6,0.6,14.36271479,13.69558417,2.97336,18.41430453,41.0867525,93.05826476
1,0.32,0.38,6,0.6,13.99892537,14.55762795,2.97336,18.4073957,43.67288386,93.52056298
1,0.36,0.38,6,0.6,13.75442034,15.38347874,2.97336,18.40739782,46.15043622,94.10370646
1,0.28,0.31,13,0.6,12.54894094,12.68738455,2.97336,18.55102132,38.06215366,89.7968406
1,0.32,0.31,13,0.6,12.02633538,13.55678624,2.97336,18.53086965,40.67035871,90.04545391
1,0.36,0.31,13,0.6,11.79195865,14.38752084,2.97336,18.53087275,43.16256253,90.63808939
1,0.28,0.38,13,0.6,14.39550886,12.50082793,2.97336,18.41430453,37.50248379,91.81883759
1,0.32,0.38,13,0.6,14.01698291,13.33291061,2.97336,18.4073957,39.99873182,92.22813706
1,0.36,0.38,13,0.6,13.75067602,14.15322911,2.97336,18.40739782,42.45968734,92.77250036
1,0.28,0.31,20,0.6,12.55480133,12.27782865,2.97336,18.55102132,36.83348595,89.36771846
1,0.32,0.31,20,0.6,12.02210119,13.14018711,2.97336,18.53086965,39.42056133,89.59773057
1,0.36,0.31,20,0.6,11.78357996,13.9628329,2.97336,18.53087275,41.88849869,90.17238513
1,0.28,0.38,20,0.6,14.41513076,12.09292962,2.97336,18.41430453,36.27878887,91.41079087
1,0.32,0.38,20,0.6,14.02648838,12.92185316,2.97336,18.4073957,38.76555949,91.80101834
1,0.36,0.38,20,0.6,13.75720417,13.73376964,2.97336,18.40739782,41.20130891,92.33086844
1,0.28,0.31,6,0.65,12.99353473,14.08764817,2.97336,18.50753204,42.26294452,91.82590335
1,0.32,0.31,6,0.65,12.44772626,15.05207755,2.97336,18.48778994,45.15623265,92.15645831
1,0.36,0.31,6,0.65,12.21075752,15.95783226,2.97336,18.48779474,47.87349678,92.83244306
1,0.28,0.38,6,0.65,14.93725991,13.85982487,2.97336,18.37852134,41.57947462,93.93793069
1,0.32,0.38,6,0.65,14.54214205,14.79310979,2.97336,18.37165807,44.37932937,94.44201462
1,0.36,0.38,6,0.65,14.27044482,15.69344419,2.97336,18.37166147,47.08033258,95.07288142
1,0.28,0.31,13,0.65,12.99303446,13.02344037,2.97336,18.50753204,39.07032111,90.68796296
1,0.32,0.31,13,0.65,12.42766825,13.97177106,2.97336,18.48778994,41.91531317,90.97091362
1,0.36,0.31,13,0.65,12.17752262,14.8691072,2.97336,18.48779474,44.6073216,91.61633418
1,0.28,0.38,13,0.65,14.97637194,12.80467703,2.97336,18.37852134,38.4140311,92.85598288
1,0.32,0.38,13,0.65,14.55803246,13.72328415,2.97336,18.37165807,41.16985244,93.30995904
1,0.36,0.38,13,0.65,14.27258651,14.61489081,2.97336,18.37166147,43.84467242,93.9104197
1,0.28,0.31,20,0.65,12.99663021,12.66365703,2.97336,18.50753204,37.99097109,90.30861016
1,0.32,0.31,20,0.65,12.42590325,13.60031872,2.97336,18.48778994,40.80095616,90.57048254
1,0.36,0.31,20,0.65,12.16915728,14.49833155,2.97336,18.48779474,43.49499464,91.20839098
1,0.28,0.38,20,0.65,14.99360295,12.44834664,2.97336,18.37852134,37.34503991,92.49678714
1,0.32,0.38,20,0.65,14.57010155,13.3590061,2.97336,18.37165807,40.0770183,92.9341126
1,0.36,0.38,20,0.65,14.2787114,14.24364547,2.97336,18.37166147,42.73093642,93.51840779
